-5.8994,-1.6276,3.8023,-4.4336,0.16094
-6.2223,3.9987,-5.6062,2.1306,5.2365
-5.6872,1.5217,-1.5524,0.60532,1.696
-6.0394,-1.7156,2.4698,4.4567,-2.5394
-6.5752,-5.4955,6.3267,0.95492,-1.194
-6.3143,1.9431,-5.5468,-4.102,4.8891
-6.0612,-4.6314,4.9724,-2.6592,-4.7327
-6.0035,-4.338,-3.1211,2.8695,0.90072
-6.0901,-4.9742,5.5507,2.3694,-1.065
-6.7406,3.973,-4.1078,-1.0762,4.8997
-6.1752,1.6331,-4.9884,-1.8234,5.9237
-6.3785,-3.8026,5.8094,-4.5413,-6.1538
-5.8135,-5.5708,3.6395,-1.5084,-2.9022
-5.9264,4.7239,-5.3354,0.016769,5.4256
-6.6021,3.8427,4.0302,-4.9973,-0.7351
-5.8758,-2.1797,-0.11516,-1.41,5.7937
-6.1638,0.97494,-5.3405,4.7117,5.8082
-6.1338,-4.1132,-1.9517,1.8567,-6.1879
-7.0044,-3.2148,-1.1431,1.6207,0.17767
-5.8633,2.9144,-4.6103,1.759,5.7048
-6.5117,1.8061,-5.6307,4.9118,3.3468
-6.0609,5.967,2.4556,-3.9736,1.8668
-6.2036,-2.8984,1.2321,-0.33814,3.1811
-6.0001,-1.248,2.1806,1.5002,4.3354
-7.3189,-2.4811,4.508,2.7222,-3.7254
-6.1222,-3.6934,3.6658,1.1678,1.5316
-7.0123,-4.311,5.534,3.4499,-6.1959
-6.238,0.4006,-2.4094,2.6308,4.3027
-5.9409,3.7654,-5.8592,-0.75784,5.9914
-6.0707,-3.4502,-1.8071,3.9782,-0.12873
-6.474,-5.8233,5.9664,-3.2932,-5.0381
-5.7657,-3.7183,5.3596,-1.312,-3.3156
-6.0345,5.3563,-3.2069,-3.6629,-0.398
-5.8554,1.8293,1.4917,-5.1975,-3.6689
-6.9724,0.35912,5.6988,2.7501,6.1731
-6.4833,3.3329,-2.412,-0.16546,4.6828
-6.4394,4.1895,-5.8548,2.4171,6.3976
-6.6444,4.0585,-3.6023,0.81952,2.9073
-6.3969,2.2565,-4.0801,2.004,4.2345
-6.5327,-3.3954,-6.1513,-1.3599,2.7077
-6.1789,-3.4514,5.1888,3.1377,-6.1548
-5.7955,-2.5794,5.1437,-3.8114,-4.785
-6.1451,-3.1526,-4.7778,-3.4338,3.2376
-6.2213,-2.5778,5.1128,-1.132,0.92888
-6.3621,5.403,-5.7371,4.5341,5.4087
-6.2754,-2.0933,2.9371,2.654,-3.0193
-6.3985,-1.36,-3.1894,3.7773,-5.5642
-6.2504,4.5561,2.7696,0.24898,-0.32547
-5.797,1.9099,-4.5424,3.8107,4.9368
-6.4887,5.2096,-2.9986,-1.0475,-0.15257
-6.456,-4.3011,3.1188,-0.18926,-6.2541
-6.0087,-0.04041,4.5161,-3.5536,-1.7655
-6.145,1.4196,3.6208,-4.1232,-4.033
-6.3037,-3.8502,5.0113,-3.0099,-5.8402
-6.502,4.2755,-1.8474,-0.32134,5.0101
-7.2776,-0.94447,5.8763,-5.9451,5.3984
-6.4705,-4.7638,6.1244,-4.1183,-1.38
-6.7995,4.4223,-5.3183,1.2836,5.2619
-6.8577,-5.4402,5.2334,2.0712,-6.7345
-7.3618,3.3312,-6.9708,-2.3379,6.0357
-6.2708,4.9729,-6.0317,-1.1423,5.9611
-6.1045,-2.9806,2.2832,-4.2726,0.81489
-6.4663,5.2307,5.3038,-4.5289,-2.122
-5.9184,1.9984,3.8506,-2.5632,-4.0092
-5.9595,-4.4565,4.6735,0.83791,-5.1763
-6.6051,3.1196,5.4982,-3.0295,5.5975
-6.5968,4.6971,-6.2439,4.8404,6.3096
-5.7163,-2.6078,5.3978,-2.1511,-0.66246
-6.2361,1.8937,-5.9086,1.9427,4.7878
-6.9308,2.5301,-5.3205,-3.6376,-3.6774
-7.0796,2.0642,3.678,0.84479,-0.81665
-5.7594,-3.4735,4.4416,1.2913,-5.1349
-8.1775,6.6867,-7.425,-2.2047,4.3367
-7.0211,0.71609,-4.2597,0.88485,5.9673
-7.0054,3.3965,-6.4181,-0.49392,6.5515
-5.9952,-4.7101,3.0505,2.5418,-4.8095
-6.6831,-4.8175,-1.2972,3.9407,0.89409
-6.1593,1.1755,4.0986,-0.57168,-5.3566
-6.9945,-2.2841,-6.0142,6.2072,-2.0761
-6.6067,-0.71142,0.47311,-3.0508,3.5279
-6.6095,-3.6905,6.299,2.302,-5.8056
-6.4821,-3.8242,0.58148,6.1787,1.2811
-6.5137,-4.9671,-0.9948,3.5355,-2.8101
-6.2816,-1.7659,6.4428,-5.7196,-2.9537
-6.1613,-4.7099,4.8411,-0.6482,-5.5387
-6.5104,-4.8812,6.2195,-4.892,-1.0148
-5.8255,-2.0929,5.5176,-4.6122,-5.1156
-5.7539,-1.9727,0.29783,1.2278,2.785
-6.3057,4.7249,-4.6907,0.0376,6.0496
-6.5042,-1.9369,-2.3891,0.22266,3.7224
-6.6402,0.20558,-0.49001,-3.2506,5.6183
-6.8287,5.7957,-2.0643,4.3613,5.8805
-6.4037,-5.2669,5.5125,-1.5682,-4.7866
-6.0232,-0.090907,-4.9597,3.8591,5.4449
-6.4556,4.7286,-5.9155,3.2626,6.1109
-6.1662,3.4485,-1.7877,2.0203,-2.2836
-5.7217,-1.3372,4.4853,-3.8591,-4.7792
-5.9503,3.8094,-4.4317,0.90002,5.1312
-6.2167,-0.20997,-5.0373,3.0602,4.8223
-6.2253,-2.4477,-5.0351,-3.3328,4.5742
-6.4234,3.7189,-0.50199,2.3269,-1.3231
-6.8159,-5.249,-2.3231,-4.5408,4.3117
-6.7904,3.6793,5.5573,-5.6107,-3.7591
-6.1005,-4.109,-4.9313,0.85494,-0.19489
-6.1779,3.7041,-4.2799,2.9303,-1.2985
-6.2504,-3.1699,0.60768,2.6041,-0.68156
-6.3579,2.7781,-6.251,4.272,6.007
-5.9415,5.8393,-1.5464,-3.358,3.1942
-7.0638,5.5664,-0.4785,5.169,-3.3283
-6.7693,3.5078,-6.9345,3.654,-2.7409
-6.4155,5.807,-4.5026,-3.0931,-4.0669
-7.4515,-5.022,-5.8172,1.7931,1.8236
-7.0839,-5.5036,6.2404,-1.0886,-6.5674
-7.3179,-0.42998,-4.9073,-1.1165,-1.8109
-6.6038,1.7094,6.1839,0.21063,4.9268
-6.8025,4.3302,4.7984,-4.1867,-3.8174
-6.8825,-5.8554,4.4729,2.4301,-4.2036
-7.0006,4.7089,5.3154,5.0119,-1.9002
-7.0248,4.7112,3.536,0.070498,-4.8692
-6.0687,3.1422,-3.5101,3.7425,3.0413
-6.3918,0.99201,6.2708,-4.0494,-4.2675
-6.2053,-5.1661,-1.0324,3.8707,4.1015
-6.5841,-1.7924,3.0217,-0.75301,-3.2664
-6.508,-2.0504,2.0859,-2.9497,2.8775
-6.5669,0.68838,2.9289,0.99041,3.6084
-6.1501,5.295,4.1143,-3.3575,-1.4315
-6.6244,5.3765,-5.688,3.7411,5.241
-6.1227,-3.0653,1.4751,1.5327,4.7174
-6.2368,-3.6616,-4.4999,-3.4556,5.2868
-6.3972,-0.2988,-6.7064,5.1679,0.48692
-7.1756,-2.8687,2.521,5.5352,5.1794
-6.2947,-1.8771,4.7497,3.7086,-6.2905
-6.1763,-3.4656,-3.998,3.9372,0.23897
-6.355,6.0862,-5.4152,2.9781,2.0755
-6.6442,5.6697,-6.4274,0.16788,-0.47032
-6.1559,4.411,-5.9482,4.6583,5.5333
-6.0436,-1.1215,1.0567,-4.321,4.1486
-6.1979,3.8867,-4.6548,-0.8724,5.6931
-6.779,2.2432,0.77575,-5.2053,-6.3157
-6.1074,4.5021,-2.8616,-0.20946,3.6866
-6.4181,4.3248,2.2542,-1.6912,3.8655
-6.2401,3.4196,1.0661,-2.1493,-4.9273
-6.5868,-3.8115,-5.7573,2.5678,3.6018
-6.7176,2.6406,-4.4378,3.0382,1.7204
-6.5742,-4.7466,5.8023,-4.1957,-6.5536
-6.8388,5.5714,-6.3687,2.3057,6.0786
-6.4907,2.2104,0.41269,-3.8304,-2.1026
-6.5069,3.8511,-6.3334,5.2074,6.0996
-6.0018,1.4323,5.5533,-5.1204,-3.8504
-5.8981,3.6548,-2.3508,-2.5469,4.7801
-6.2504,-2.2857,2.7666,-1.2067,0.82488
-6.036,2.3223,1.8083,-3.4845,6.0007
-6.7065,-2.8816,3.0013,4.0861,-1.2038
-6.5525,-5.2078,-0.53846,3.1828,-4.8738
-6.1341,4.2052,-5.7007,2.3391,4.8545
-6.2517,2.7561,-5.7135,3.399,6.1678
-6.3518,-4.2671,3.6988,-0.77757,-3.6194
-5.9746,-0.36532,-4.2778,4.4157,3.2593
-5.9907,-4.4339,-5.3483,-0.31252,-2.7212
-6.2432,5.5538,1.9778,1.6411,-4.8127
-6.6654,-4.0803,-3.5693,-4.8111,-4.5079
-6.1224,4.5483,-2.1753,-0.59255,3.4303
-5.7764,-4.1486,5.4436,3.3662,-5.8877
-6.2644,4.2262,-1.2725,-0.18777,-4.9806
-6.4151,2.3788,3.0668,-0.11709,-3.7753
-6.2503,-4.0242,-2.8831,1.3662,5.9018
-6.4424,6.1577,-5.9628,-3.3639,2.0817
-6.7329,-3.0598,4.7201,-2.2393,3.0411
-6.2182,4.0657,2.4294,1.9855,-1.0848
-6.7617,3.5993,-6.6271,4.2646,6.8126
-5.8905,0.7589,-0.32679,1.1736,-4.1186
-6.3153,-0.3845,-4.8469,-2.3155,5.4867
-7.433,7.3209,-7.0688,4.5962,4.5152
-6.0181,-2.4443,3.3884,-2.2628,0.38021
-6.1287,3.645,-5.6634,4.241,5.2289
-6.1414,0.96819,5.5947,-4.2823,-5.3516
-6.5797,3.5475,5.594,3.4503,-4.674
-6.4939,3.1392,-5.2603,-1.6957,6.3142
-6.1753,2.243,-0.98956,-3.923,-2.7623
-6.3002,-4.8339,1.7232,-4.9083,-1.2157
-6.2005,1.9722,-3.8907,-4.6352,5.3915
-6.0683,-5.1346,6.0362,-1.3833,-1.2739
-5.6504,-4.943,4.6503,-1.8265,-4.913
-5.6941,-1.1126,-0.06449,-3.2069,1.8898
-6.3841,5.5912,-5.668,-1.8163,5.0066
-6.6884,0.4074,-1.7709,3.8766,2.3236
-6.2687,5.2444,-4.493,0.20333,3.6558
-6.9849,-5.9768,-4.1029,-5.2706,1.306
-6.9879,-3.338,5.2391,1.6165,5.4146
-6.5693,-4.1146,1.3708,-2.4629,-1.4673
-6.3127,-2.1076,6.0447,-4.5513,-2.7644
-6.7725,1.33,3.0511,-5.9958,0.99822
-6.0726,-1.8743,-5.7375,3.1669,4.9239
-6.2383,0.8249,6.0596,3.4003,-5.8676
-5.9537,3.017,-3.6256,-0.32336,1.5265
-6.2552,-4.8794,3.627,0.21673,0.78456
-6.5865,-0.15537,-5.5765,0.52544,5.6969
-5.7266,-4.9566,5.2836,2.4622,-0.84724
-6.7313,4.4653,-5.4364,3.3938,2.0445
-7.2013,-7.7648,-0.61091,-2.7777,-1.3115
-6.2131,5.3827,-1.9327,-1.4611,1.1157
-6.7206,5.5523,-3.2368,4.8109,0.22584
-6.3404,-1.5989,5.6952,-4.9002,-5.4751
-6.4719,5.4694,-5.4571,-0.66187,4.3143
-6.1596,-3.0518,6.0191,-4.9521,-5.9903
-6.0436,-0.091757,-3.0314,4.5175,4.4775
-6.2507,1.1634,-4.6265,4.8457,-4.1234
-6.0595,-4.4028,4.1598,-1.8995,-5.5026
-6.1147,-5.0103,3.9256,4.6092,0.51166
-6.5041,6.1477,-6.7793,1.5257,5.8462
-6.4248,-4.7906,5.2085,0.48166,2.4347
-5.9908,3.0687,-0.069742,-0.30026,-4.2279
-6.522,2.918,-6.0717,2.2342,3.1295
-6.657,4.1335,-5.8179,4.0146,6.2186
-6.4942,-0.17839,-4.6515,4.9257,-2.6866
-5.8629,-3.6046,-0.16976,1.0397,3.4999
-5.9271,-0.27028,-5.4057,2.2348,4.904
-5.9912,-2.5038,5.2283,-3.6346,-6.0724
-6.3782,-5.0133,6.4748,-2.3523,-5.6959
-6.3464,1.7543,3.9849,-3.6879,-2.6155
-6.3652,-2.7294,1.1062,-2.0932,-1.8059
-6.2383,-2.2649,6.2985,-5.7222,3.5726
-6.5347,-0.55137,-5.1106,5.3189,4.3267
-6.0186,-1.2334,-5.522,-0.68528,2.1483
-5.6983,3.1587,-3.7682,5.7724,-0.25887
-5.9501,-3.7142,-4.2549,-4.0897,5.4019
-6.5237,4.176,-1.3113,3.0071,0.65159
-6.2265,-4.1143,6.1953,-0.70687,-5.2948
-6.362,5.4682,-4.5397,4.035,1.2435
-6.0478,4.3795,0.9788,-0.66722,-2.3499
-6.2371,5.5545,-5.5479,-3.3848,4.9717
-6.2947,-3.4656,5.7131,2.1714,-6.0274
-6.1206,2.8661,-3.4249,-3.903,4.0368
-6.7026,-2.7552,-5.8303,-2.0042,5.2668
-6.2347,4.1821,2.6273,-1.6983,-1.4177
-6.1524,1.1263,2.3694,-3.9244,-5.5186
-5.9653,0.53821,-4.2652,3.9251,3.8614
-6.4762,0.84349,-3.7304,-2.3991,5.4748
-6.0073,-4.9316,1.5306,3.2822,-3.9302
-6.2191,3.514,-5.8868,1.6174,-4.0094
-5.838,1.4303,-2.708,-1.4145,2.6482
-6.1501,-4.0495,6.0085,0.59736,0.1412
-6.3084,2.7175,-4.9211,-4.7634,3.1759
-6.2883,-2.6519,5.0415,-0.99904,-1.9398
-7.3333,2.5503,-4.5043,2.6942,6.5269
-6.0518,3.0682,-1.8794,-0.88895,0.72661
-5.945,-5.736,2.9586,2.2119,-3.5243
-6.8816,-4.8847,6.5479,-3.4478,-6.1705
-6.3441,4.9184,-1.1036,2.7121,0.21032
-6.4836,4.0769,-5.342,1.812,6.1567
-6.367,6.5541,4.8803,-0.63365,-2.0118
-5.98,-3.0869,1.7145,1.8876,-3.2477
-6.8841,-4.0828,-6.354,5.2284,5.8603
-6.3989,-3.4935,5.9657,-4.8312,-6.3013
-6.1605,-5.4487,3.5461,-2.4428,-2.2927
-5.9464,2.3707,3.0717,2.1285,3.5022
-6.431,5.8554,0.36876,-0.39757,3.5601
-6.7187,0.84712,-6.0844,2.363,6.2144
-7.8437,6.1661,-7.1907,-2.2725,7.7371
-6.1082,-3.6861,5.2135,-0.99426,-2.4155
-6.1996,1.0365,-4.8631,3.4074,5.9158
-7.0456,5.5312,-4.2924,-0.83864,1.326
-5.8916,-3.8586,-4.9547,3.1618,5.1172
-5.979,4.4181,-5.3179,-2.0497,4.9947
-5.8866,-1.2333,-5.3752,3.6947,5.2061
-6.8348,6.3784,-4.5799,-2.2245,7.336
-6.0502,4.0444,5.1638,1.3959,-1.8313
-6.4336,-1.008,-3.2684,4.4261,4.6078
-5.9675,-3.1042,2.0049,4.3005,3.2829
-5.9723,4.7296,-5.9249,1.1685,-0.48185
-6.6192,-2.5378,6.0393,-1.4985,-6.4111
-6.6229,5.3542,-5.8895,-1.195,5.9529
-6.3583,-4.8768,-0.25595,1.6184,-2.9027
-6.082,4.8953,-4.4955,1.3692,5.7105
-5.83,2.9054,-1.6844,-3.3099,3.9481
-6.6344,6.0961,5.4062,0.68157,-6.0769
-7.0996,5.4068,-6.0883,2.318,6.7374
-5.7937,-4.8475,5.6806,-2.0751,-5.0089
-6.4539,4.2336,-5.2816,-2.9244,4.9276
-6.7523,4.7308,-3.3988,-4.6253,1.8201
-5.8667,-0.46353,1.6766,-4.2405,1.7708
-6.9539,5.0814,-5.9969,1.1076,6.4788
-6.2377,-0.31781,5.8616,-2.7186,-0.14917
-7.0499,-2.5996,5.2225,2.3661,3.5371
-6.3157,5.4093,-5.9777,-0.40499,5.0223
-6.5366,-3.7119,5.805,-5.3477,-6.0514
-6.4871,-5.5392,-6.0168,5.4218,2.0691
-6.2565,4.6612,-5.5375,0.82454,5.8275
-6.9161,3.3455,-6.4137,3.5574,6.1429
-6.6053,0.94255,6.2253,1.0312,-2.7074
-6.0965,-5.7727,4.1442,1.7795,-3.923
-6.7392,-3.9217,-0.43194,-0.55837,5.1007
-6.7324,3.0992,-5.631,1.9581,6.2096
-6.3244,-3.2681,-3.5786,3.4417,-5.7184
-6.7555,-1.4392,-0.98229,-2.2979,4.4598
-7.4232,5.1311,-7.1031,-6.2061,-2.561
-5.8226,-4.9233,1.0728,-0.99919,5.3923
-6.0949,-2.759,2.8785,-5.5446,-0.73754
-5.8546,0.67714,-1.8556,-3.8513,2.9195
-6.275,3.0235,-5.3851,1.4222,4.4049
-6.2876,-4.9603,5.4061,-2.0654,0.52611
-5.7104,-4.1313,4.8451,-0.079458,-5.4316
-6.448,3.6012,2.9227,4.2649,-4.5515
-6.4214,4.9011,4.4233,-1.9585,-0.82947
-6.1677,-1.2633,-5.838,5.8204,-2.2842
-7.1018,-3.4214,-5.9778,3.7258,6.8741
-6.0059,4.0817,4.35,-4.4441,-4.6751
-5.9133,-0.018246,3.4984,1.0267,4.3978
-6.455,4.3476,5.9582,-5.6537,-3.5705
-6.4732,-3.5049,1.8839,-4.1455,-4.3067
-6.4395,0.73469,5.3468,-3.9175,-6.2562
-6.7033,1.4701,4.7078,-5.0511,-5.3612
-6.2542,1.1484,-1.1851,-0.89441,2.532
-5.8345,4.8898,-2.3052,-1.6076,2.5709
-6.1351,-0.030411,-4.2628,2.4725,1.4791
-6.4095,5.8167,-6.4322,4.9419,1.043
-7.0702,4.0698,-5.9684,-5.651,5.4541
-6.3609,-5.0283,3.2366,-0.044998,-5.3575
-6.4933,-3.9711,-6.0599,4.9519,-5.9198
-6.1662,-5.8049,-1.822,-3.5827,4.2643
-6.0418,-4.2248,6.1054,2.023,2.3927
-7.2131,-1.4901,-6.6056,0.24285,1.0571
-6.2893,-1.8966,-4.5583,4.3449,-0.73365
-5.9057,4.0578,-5.6236,2.0373,5.8135
-6.7902,3.0076,6.7275,-5.1409,-0.38442
-6.3414,5.0051,-6.3339,2.6096,-2.1501
-6.5255,-1.9712,6.6206,-3.9995,4.7336
-6.1809,3.907,-0.42872,1.243,0.5519
-6.0131,0.38065,3.6443,-4.2312,1.4903
-7.1422,4.8135,5.8994,-1.1176,-4.2937
-6.0919,-5.0889,5.8995,-1.8929,-5.487
-6.0918,2.2786,2.0909,-1.155,-0.77371
-5.8524,-2.4312,3.8,1.372,-4.8497
-5.9827,-1.1216,1.065,3.5182,3.6996
-7.0586,4.2621,-3.5345,4.1925,-5.7901
-6.1101,3.9836,-1.9115,-3.5292,-0.56548
-5.9001,3.6537,-4.9653,1.9686,-5.3753
-6.3662,5.2106,-3.2353,-1.4186,4.1534
-6.1647,-3.6871,-1.1433,3.2805,-0.0014619
-6.3551,4.5542,-5.6225,2.1837,6.1228
-6.3737,-4.9806,4.4383,-4.0903,-3.0647
-6.1409,3.284,-4.1729,4.996,-0.065307
-6.8092,-6.105,6.3452,-5.0682,-5.7608
-6.4396,-3.8559,3.031,4.2876,2.2759
-6.1159,4.2425,-5.1162,-3.9871,-1.1931
-6.4854,-2.7908,6.4337,1.7848,3.2779
-5.9929,4.1246,-4.1185,-0.30888,4.8592
-6.0758,-4.4382,5.9475,1.5673,-5.5659
-6.3246,-3.8891,-0.48241,-2.4123,-2.8515
-6.1869,-0.95726,2.5001,0.33891,-2.7986
-6.2959,5.8688,3.4903,-3.9436,3.785
-6.4505,-0.94741,4.1977,3.393,4.492
-7.1152,-2.0076,6.8437,-4.7069,-6.9128
-6.3023,2.5705,-5.1223,-4.1362,-1.459
-6.1808,1.2154,-0.34109,-3.6484,3.545
-6.1145,-0.17665,-3.3548,-3.7963,2.5216
-6.4803,4.9836,-4.6822,-2.9519,1.4024
-7.1139,1.5474,-6.6161,1.4691,6.6884
-6.2954,4.5261,2.8696,1.2918,-4.7169
-6.5322,4.6539,-6.3843,4.1374,2.0995
-6.4369,-2.5015,-4.957,-4.6207,4.5118
-6.2124,-1.8015,0.52968,-2.5946,4.6891
-7.8688,-4.7587,7.6785,-4.3071,-7.8687
-5.9723,-0.76693,3.411,-3.9678,-5.5085
-6.3197,-2.7089,-4.7557,4.3981,0.6287
-6.8169,-2.6705,6.2857,2.3282,-5.7688
-6.5615,4.2947,-5.9904,3.4324,5.9867
-5.7674,-1.5753,-1.586,-1.9082,-2.7815
-6.5623,-1.4634,6.2572,-5.2683,6.1316
-6.7353,-6.5377,-6.1586,0.35905,-4.039
-5.8405,5.1653,-3.8878,5.2163,-0.56824
-6.2236,3.2497,-3.7311,1.9707,0.00063656
-6.0647,1.208,-4.0263,3.6492,-1.3715
-6.5221,5.8724,-5.513,-3.3743,1.0427
-6.493,-1.2251,4.387,-4.5375,-1.7802
-5.8118,4.4536,-5.5384,-0.059304,5.5123
-6.4858,-1.4903,5.9358,1.2916,-2.7468
-5.5132,4.4003,5.2763,-0.76457,5.5897
-6.4749,-3.4503,2.4826,5.8525,3.6607
-6.2931,-2.9015,3.6324,2.8406,-0.41329
-6.2961,4.7834,-6.3041,1.0862,5.959
-6.642,0.5153,1.7162,-4.2071,-0.21457
-5.9428,4.5538,-5.7916,4.3355,5.3683
-6.1628,0.46939,2.8936,-4.9117,-1.2041
-6.1335,2.2697,-0.13367,-2.2594,0.57534
-6.0808,2.0066,-2.4303,-3.3925,0.60733
-6.4507,5.2041,4.1179,-1.3108,-2.1007
-6.7211,-2.2499,-5.47,-5.5618,2.7484
-6.2875,-4.7003,5.9362,-1.9544,-6.1703
-6.4199,-5.5218,5.5083,-2.2797,-3.4077
-6.1065,-0.38326,4.5317,-0.42702,-6.0996
-7.3931,7.0892,4.0398,-1.6238,-7.3802
-6.1951,2.4784,-5.5345,-0.67077,6.0659
-6.576,-2.8368,5.5462,-4.6851,3.1573
-5.9883,3.8094,5.454,1.2603,-2.5006
-6.5545,1.2766,0.82935,-2.1816,-0.032025
-6.0852,2.6589,-5.3312,3.6754,5.9795
-7.1127,-4.9955,6.4363,-3.1076,-6.8493
-5.8161,-4.735,1.7913,-0.11378,-5.1014
-6.0495,2.7763,-5.4473,2.2232,6.0312
-5.8978,-3.2101,-1.0972,5.7387,-0.24028
-6.3008,5.6677,3.5347,1.2502,3.8614
-6.9968,-2.0372,-6.2555,5.4879,2.5669
-5.7155,4.7879,-0.18796,-5.7407,-0.20104
-6.2186,4.1096,4.0346,4.0192,1.3429
-5.994,2.3582,-2.7154,1.0089,0.69738
-7.2117,-5.1454,7.1672,-4.6989,-6.7151
-6.5052,2.6198,5.8758,0.57369,1.3689
-6.4362,2.5909,-1.9098,-1.1004,2.2301
-7.6383,4.4903,3.4729,-1.936,-0.12106
-6.8666,-2.5393,6.0254,-4.1411,2.2241
-5.9073,1.7625,4.0502,-4.1014,-2.7047
-6.338,-5.1644,5.9791,-0.25793,-5.9145
-6.1657,-0.38603,-1.9001,0.39373,2.8975
-6.1729,-1.4389,3.8758,-4.0417,-5.4048
-5.9358,2.4596,-1.4767,-0.67766,1.6965
-5.6009,-1.4567,3.3474,-3.6291,-3.0435
-6.4128,-2.7157,6.3549,-5.3459,-5.6834
-6.4189,4.6648,-5.7739,0.12441,6.0242
-6.0957,5.0207,-4.2729,-2.7837,3.8356
-6.0393,0.62769,4.8877,0.97528,-2.6468
-6.4518,5.3363,-5.6501,2.221,5.65
-5.9911,2.3303,2.9059,-0.78273,-4.9239
-6.3582,-2.8024,-5.3214,-0.99579,-0.75126
-6.8886,-3.5001,-4.277,6.5199,2.4431
-6.1687,0.2417,-5.4429,3.1494,5.3393
-6.7593,-4.4079,2.2004,4.7985,0.03568
-6.0206,4.0941,-5.738,-4.0281,2.6343
-5.627,4.7753,-4.337,1.633,-1.0349
-5.8918,3.1942,-4.0248,-1.3502,2.3673
-6.1872,-5.0855,3.8513,3.9921,-1.1103
-6.5785,-5.2233,5.9248,-4.011,-3.6004
-5.8344,-4.4252,1.4568,4.4731,3.5507
-6.329,3.8889,3.0684,-1.9867,0.29742
-5.8872,-0.55186,4.7584,-3.4502,-5.2739
-5.723,-4.6115,-0.75048,1.4551,-1.334
-6.3719,-4.8531,5.2,-0.62381,-5.1289
-7.3031,1.2396,0.13849,5.0748,-2.2036
-6.4713,-2.6512,6.153,4.7857,-5.9409
-5.9065,-3.8373,5.6139,3.575,-3.9453
-5.925,-0.70398,0.40481,-3.2823,-0.41864
-6.2399,-5.1027,5.9885,-0.31099,-5.6247
-6.1357,-2.8605,-3.4244,3.0748,-5.3921
-6.7007,-1.2343,-3.0749,2.8913,1.1041
-6.2132,-5.0289,5.9711,1.1367,-6.1387
-6.1541,-2.0865,3.4733,-1.8402,0.7687
-6.1608,-3.3536,5.8755,-4.6738,2.4798
-6.7955,-6.0596,-5.2813,-1.0246,-3.111
-6.497,-4.1224,2.1631,-2.1592,0.82947
-6.826,5.9341,-5.7679,4.0541,-5.7679
-6.7618,-4.9789,6.4191,3.5658,-6.7276
-6.3995,0.25372,-5.5928,1.4492,5.949
-6.3973,-5.6316,6.2401,-2.9836,-1.9499
-6.759,6.2624,-6.8374,0.047742,4.0632
-6.1512,-3.6528,4.9115,-1.867,-5.4436
-6.6365,-3.6654,3.1327,0.1155,-0.32515
-6.7605,-0.58239,-0.12918,3.6168,-5.4873
-5.8724,-4.2446,4.7141,1.3632,-1.4993
-6.3109,1.4323,-3.1799,-1.8975,4.6569
-7.2378,6.6834,-5.8123,5.3257,6.1578
-6.3969,1.5271,-4.224,-4.5996,-3.4385
-6.4179,0.93705,-5.6983,2.7181,-0.29588
-5.8007,2.887,-5.5691,4.5052,2.4067
-6.3958,-1.8225,-2.3858,2.6651,1.0482
-6.679,4.056,4.1056,-5.1414,-5.5875
-6.8045,6.636,1.3245,2.6236,4.9043
-6.9815,-3.1574,4.9342,-1.3241,-3.3589
-5.9678,0.4789,-0.7181,4.7805,-4.6876
-5.9906,1.4537,2.362,-4.5808,-5.9107
-6.2449,3.5013,-1.1772,-3.8779,2.5389
-6.6325,1.928,-4.8816,-4.3083,5.9856
-5.9774,4.2335,-5.7325,2.2483,4.7608
-6.8863,-2.3161,1.007,5.2352,-3.1443
-6.299,-6.1652,5.1907,-0.26634,-1.8353
-5.9145,5.4854,-3.737,3.0067,-3.5603
-5.6796,5.6298,-1.5047,0.37352,4.5237
-5.7827,-0.61792,-0.94769,-1.2802,3.161
-5.7864,-0.61288,-1.9859,-0.77882,2.7462
-6.2227,0.59881,-4.505,4.7673,0.51659
-5.7167,-1.6307,3.2034,-2.2232,-3.6449
-6.7177,4.3213,3.7749,-5.8978,0.40145
-6.2008,-4.1176,-1.7477,4.7256,5.0866
-6.2757,-6.5367,3.2233,-3.3563,3.3592
-6.7348,-5.2238,-1.7403,0.63783,-4.9726
-6.2728,3.8133,3.2563,-1.665,4.9404
-6.2018,1.9198,-5.5183,-1.8614,3.2191
-6.1535,-5.1179,5.1566,-2.6096,-5.5087
-7.2527,-5.2873,6.9739,1.4853,-6.6369
-6.0048,-5.0324,-4.4301,2.8895,0.77707
-6.1286,-4.4598,5.8051,2.0813,0.64978
-6.2209,0.4136,2.7556,2.0048,-5.4415
-6.6887,-1.6304,6.0031,-2.1748,-2.3162
-5.8907,-1.5906,-2.7812,1.025,4.797
-6.0807,-4.6353,-3.6962,-0.11117,4.2269
-5.9315,0.20652,-4.901,2.9742,1.8516
-5.7854,1.2825,-5.3141,-3.5123,5.5615
-6.0325,4.1666,-5.3106,-4.1706,-2.6351
-5.9573,-4.8947,-4.0095,-2.7153,-2.6088
-6.556,-3.9007,4.9028,-2.1295,-6.2703
-6.3445,-0.94642,5.6689,-2.5859,-3.4486
-6.3819,1.5581,5.2521,-0.62565,-5.7642
-5.7574,-1.4619,3.571,2.4508,-5.1473
-6.7997,-1.0885,2.8016,-2.655,6.3161
-7.2975,-6.9187,-2.7728,-3.8092,-3.8197
-5.8276,3.9175,4.9357,-2.7959,-3.9353
-6.8867,4.5355,1.9381,-2.7004,1.253
-6.7009,-6.0743,1.4946,-0.68292,0.055851
-6.5884,-5.5703,5.8597,2.3229,-4.5314
-6.2781,-1.1332,4.2634,4.0748,-0.68781
-6.1339,4.0719,-2.8749,-2.2003,-2.9568
-6.2882,-3.2227,-5.1952,1.1432,0.58802
-6.1295,0.22584,0.92712,0.24383,-1.0484
-6.0661,4.9058,-3.3348,-2.3104,4.4268
-6.0532,4.355,-5.6124,2.2446,2.1852
-5.9286,-5.0039,5.8422,-3.0051,1.2251
-5.7929,-0.26616,-0.46728,2.6323,-3.6412
-7.0362,6.305,-2.4429,4.7424,-4.7035
-6.1485,3.5124,-5.3237,3.9027,4.7199
-6.9744,5.8631,-1.284,-0.21121,5.1572
-6.4059,-0.061937,-5.7179,0.17845,6.1169
-5.8321,5.1533,-5.709,-0.11176,0.03618
-7.7711,-6.9401,5.0576,-0.70403,-6.343
-6.0274,3.7357,-3.9323,5.5491,-0.57475
-6.0305,-4.717,-5.3028,4.1119,5.6433
-6.0157,-0.82533,3.3466,0.7424,2.0697
-6.3012,2.1749,-5.9612,5.7364,3.4241
-6.1627,2.446,-1.4769,-3.9502,2.4313
-6.4889,-0.43632,3.8585,4.5882,-1.6362
-6.8882,5.0077,-5.215,-3.8959,1.5395
-5.7624,3.7447,-6.0737,3.9709,4.3801
-6.3575,-3.6426,-4.4495,1.2615,5.0755
-5.8068,3.226,1.2665,4.449,-2.7396
-6.1363,3.5661,-4.4009,-4.8395,3.0716
-6.5667,-2.7848,6.2629,-3.2473,-5.7993
-6.3666,-2.919,2.2591,0.34363,-4.0433
-6.7606,-3.5055,-4.2245,-3.3876,3.5172
-6.3083,-2.0243,4.8624,-0.82932,-4.2928
-6.2038,3.7862,-3.5167,0.20258,4.6351
-6.0929,2.6759,-5.8872,1.4513,3.0572
-6.1702,-1.9883,-5.861,1.6978,-2.5037
-5.8473,3.3136,-4.5181,-0.18939,-1.7718
-6.6426,-4.5009,-3.63,-4.1309,-0.5797
-6.2697,2.4458,-5.1347,3.9365,-4.8251
-7.1924,-1.02,1.2036,1.3302,-6.2197
-6.5718,5.5069,-2.6614,-2.4326,-5.7433
-6.245,0.79801,-4.7824,-0.87095,4.9034
-6.6448,-3.4929,4.6429,-5.561,-2.84
-6.7139,-2.8474,-5.4524,5.7396,6.8169
-5.7647,2.1866,-5.0982,-4.3175,4.3806
-6.6489,0.18099,-6.3812,0.074894,6.4785
-6.2679,-4.859,-3.9741,1.5551,-3.9616
-6.057,2.8776,-5.7566,5.2012,5.4427
-5.7521,0.53117,2.9345,-3.3492,0.15548
-5.8107,-1.0586,-2.2804,-2.7645,2.1139
-6.6151,4.8153,-6.5401,-0.3136,6.7251
-6.6671,-4.3479,-3.2037,0.41825,3.1032
-6.5812,-5.6024,-3.0614,-3.4868,0.033623
-6.1339,5.3115,1.9473,-3.4079,-3.1985
-6.7902,-3.8765,-2.1041,1.2737,-4.6211
-6.9826,-2.7759,2.8849,4.9638,-3.5518
-6.4389,-0.63643,-3.738,0.98579,3.2471
-7.1212,-1.5642,-1.0528,6.485,5.3864
-6.5015,3.6111,-5.6505,-0.46656,6.7551
-6.4145,1.7886,-0.38226,3.5314,-5.6214
-6.0586,3.727,3.4599,3.0947,-2.1412
-6.8415,6.2688,-6.7068,3.7176,6.7213
-6.4866,-3.9963,6.0386,-0.89211,-0.61555
-6.5727,-2.4165,3.5681,3.8939,5.6766
-6.6793,0.99389,4.9374,2.593,-5.0133
-6.1765,2.7766,-5.7632,4.1717,4.2565
-7.5042,-6.9341,5.4406,-0.097741,-7.0736
-6.21,-1.9526,-5.4344,2.9585,5.7134
-7.0543,-7.276,-1.1498,-5.1087,2.0325
-6.4865,-0.9606,3.7734,-3.1788,2.2124
-6.2161,5.1105,-3.9834,4.4978,5.4074
-6.596,-5.8412,6.6955,-4.2828,-5.5723
-6.2618,-2.6822,-4.5897,3.6205,5.0698
-6.0383,-2.7007,2.7895,-2.0592,-3.7937
-6.98,-2.5704,3.8746,2.2314,-6.0507
-6.7929,3.3435,-6.9506,5.9713,-1.6481
-5.9526,-5.016,5.7063,-0.9973,-1.7245
-6.2147,5.2649,-6.0595,2.058,3.6565
-6.5628,-5.1479,1.8535,-1.4729,-5.1817
-6.091,-1.2159,-4.4691,-2.8261,-1.1461
-6.1561,5.4104,-5.2905,-2.3826,-0.74487
-5.9921,-2.1936,-5.149,0.83091,-1.923
-6.1475,4.1401,-5.7809,4.8139,5.7517
-6.2112,2.8913,-3.2286,-3.1763,4.722
-5.9018,-3.4461,4.9209,3.6195,-5.0256
-6.0333,-0.62262,-5.3975,-3.5213,-1.9492
-6.2742,-2.5319,1.8685,3.461,-5.0607
-6.2495,5.2277,-3.3035,-2.0304,1.7726
-6.2054,5.5608,-5.7973,-0.82034,-4.7827
-6.3138,-1.7693,6.0158,-2.8423,-5.9009
-6.2584,2.5749,3.9111,1.0815,2.8883
-6.611,5.8213,-4.2608,-0.11739,5.2501
-6.6495,0.77274,-5.7025,1.9309,3.5434
-5.8261,4.5209,-5.7714,1.9771,-4.7056
-6.2329,0.90523,-4.0141,1.9139,3.1769
-6.3091,-1.3887,3.6029,2.6453,-2.9226
-5.98,-2.7738,5.4788,3.8477,-4.0326
-7.1305,5.8641,-4.7249,-1.0761,-4.5974
-6.0855,-4.0419,-4.971,0.46778,1.4905
-6.2249,5.1261,-5.3908,0.68759,6.3182
-6.3087,-3.0764,4.6099,-3.8662,-5.88
-6.2752,-3.1101,4.3726,-3.5882,-5.1991
-6.0719,-1.6368,4.7634,0.9829,-5.013
-7.4412,-6.3877,5.4969,-4.3969,-0.034181
-6.8538,0.99152,4.0727,0.73519,-4.3233
-6.5142,4.3453,-5.8012,1.5897,5.5544
-6.651,-5.2737,3.2489,2.901,-5.7626
-5.8834,3.7812,-5.7075,3.3976,0.10253
-6.3954,-1.822,3.9828,-4.9953,-0.08096
-6.3587,-6.12,2.9528,0.71475,1.6597
-5.7619,1.2341,-4.4634,3.3793,4.8317
-6.1285,-1.1188,3.9933,-0.59378,-3.4519
-5.9184,-2.1151,-2.3221,1.7546,5.192
-6.3443,-6.421,6.5574,1.4657,-4.2133
-6.2376,1.0969,0.32475,4.3834,1.4272
-6.3558,1.1813,3.5984,0.14239,-5.7432
-7.2299,3.5127,5.7546,5.1934,-5.756
-6.9046,-2.667,-6.5916,1.3727,6.905
-6.6295,-0.59499,0.97507,-4.5893,-1.7371
-6.3245,0.30403,-0.21224,-2.212,-3.9835
-6.6598,-6.0198,-4.321,5.2345,1.2105
-6.5568,2.9205,4.5108,3.0372,-5.9173
-5.841,-4.2609,-2.3182,-5.7061,0.98136
-6.0601,-2.5203,-1.9647,0.69716,-1.0047
-6.6337,-4.384,6.5661,-6.269,-4.9238
-5.9812,-3.6994,5.7699,-0.97209,0.50289
-6.5886,0.70559,-6.4933,-1.0774,1.7849
-7.5317,-4.1041,6.5837,0.21618,6.8068
-6.5935,5.0093,-5.9817,-0.5627,6.4619
-6.5193,-5.5649,0.88315,-0.74101,0.93064
-6.8435,1.3778,5.0888,2.2754,1.7755
-6.5598,-5.3249,6.2168,1.2166,-6.2365
-6.6349,-1.9786,-6.4218,-2.6606,-2.0071
-6.0722,3.8608,-5.6475,-3.6665,5.9163
-6.3912,2.1984,-3.8301,2.1761,4.4779
-6.4068,5.7209,5.8361,-0.80036,-2.4127
-6.4274,1.945,2.4148,-2.5626,-1.9983
-6.3027,-4.0392,6.2038,0.83826,-6.1904
-6.7851,-0.15754,-2.2931,3.1978,1.1663
-6.0504,1.5884,-2.9073,5.213,1.7884
-6.1218,-2.4269,4.4247,-4.3131,-5.589
-6.138,0.72053,-5.8273,0.11352,4.6399
-7.2164,-1.0881,-3.8852,-3.8551,4.4993
-5.7731,-0.6512,-4.6411,-0.79182,3.4896
-6.3224,-3.7165,-1.0985,-1.5827,2.4013
-6.162,-3.3512,2.6117,-4.5892,0.60979
-5.8839,3.6034,-4.6514,-2.8259,4.3926
-6.3883,-5.3847,3.2954,2.1511,-0.906
-6.1927,1.7863,-2.276,3.8091,-5.1585
-5.867,-5.9219,-4.5422,1.5574,1.9118
-6.9624,2.841,-5.732,-2.0017,3.8515
-6.0801,0.87344,-5.1736,4.8886,3.7968
-6.3684,3.1509,4.8433,1.5936,-1.5091
-6.703,-3.5876,6.2579,-5.666,-5.7085
-7.3569,5.0935,1.7124,-2.8647,3.9835
-6.5247,-0.2009,-3.4459,4.9997,-3.2003
-6.2727,-3.4676,-1.7877,2.2605,-2.1172
-6.5046,3.0231,-6.326,3.1742,3.5061
-6.3994,-5.7823,0.25568,0.39278,0.41144
-6.0801,5.0529,-5.6024,1.0078,0.9367
-6.0858,4.5451,-0.22044,3.329,-5.6025
-6.1522,3.255,-4.0211,4.6595,2.2805
-6.0434,-0.38796,-2.6327,1.5973,4.2648
-6.2437,-4.2755,5.1335,1.911,-5.8104
-6.1726,-4.7655,4.349,1.3799,1.6422
-6.2303,-0.78622,-4.1693,0.12223,4.2123
-6.2313,1.7255,-4.0332,1.913,5.4776
-5.9543,3.995,-4.4722,-1.7986,-0.85081
-6.135,4.8806,-2.3363,-0.0442,3.9541
-6.5485,2.232,-5.9221,-1.062,6.404
-6.3911,-7.0412,-1.3981,1.5474,4.1899
-6.1823,1.793,-4.0762,2.0491,3.4546
-6.1815,4.8573,-4.1904,2.9347,5.059
-5.9622,2.88,-5.7221,0.86559,5.5613
-6.8491,4.4419,6.2991,-4.3756,-4.215
-6.0706,4.462,-4.5822,3.1817,-0.92533
-6.4406,4.1563,-3.6401,3.3987,4.3189
-6.6324,-4.0821,-6.5005,4.5214,6.626
-6.3432,3.6575,-1.037,-2.934,-4.4209
-6.5327,4.5017,-6.3705,-1.5435,5.1424
-6.7478,4.3652,-6.4277,3.7496,5.4575
-6.0308,-2.9893,-3.934,-0.86908,1.6599
-6.8592,2.5102,-5.3889,-2.2164,5.2709
-6.2057,-3.8793,6.1907,-5.2384,-0.49008
-6.484,-0.89348,-4.5566,3.6978,5.684
-6.1441,2.625,5.3119,-4.7445,-5.3896
-6.5729,4.7681,-3.4574,2.2267,3.1158
-6.0994,3.3677,-1.4382,5.1597,3.673
-7.0316,4.3479,-6.5826,0.88779,4.7626
-6.4075,5.1914,3.6863,3.3257,0.16308
-6.7863,-2.0081,4.1908,-4.9574,1.1732
-6.6365,2.7835,-6.3386,4.2238,5.897
-6.5522,5.2884,2.1664,-3.2436,0.21556
-6.5039,5.473,-3.0384,1.3895,6.2366
-7.4434,-7.0706,6.8277,1.3324,2.2435
-6.5699,2.3743,5.1339,2.8321,-4.3876
-6.1977,5.4042,-4.3802,2.9693,-4.2997
-5.9654,5.0889,-1.3684,-3.7459,-4.2468
-5.99,-5.2013,5.1261,-0.036806,-2.7535
-6.8285,-5.0976,5.9472,-1.6739,2.4331
-5.9529,3.1694,-4.3368,4.6053,4.234
-6.8728,-0.71035,5.4897,-3.9197,-5.9781
-6.0142,-5.5778,4.2069,-0.13642,-5.6748
-5.7471,3.3295,-4.6624,-1.9995,2.3008
-6.3207,4.2225,-5.4852,-1.5913,-0.4847
-6.9193,-5.4418,6.3802,-5.3065,-6.1279
-5.9439,0.66752,4.8983,-5.2672,-1.8168
-6.6412,5.7816,5.5965,4.1073,0.33489
-6.2419,4.0859,-6.0631,-1.2567,1.237
-6.3889,-1.054,3.1974,-2.8293,-3.7412
-6.1983,4.786,-4.3257,4.6491,-4.6085
-6.4008,-3.1053,6.1946,-2.3244,-6.4811
-6.2405,-1.1044,-2.5844,3.0636,3.1308
-6.2582,-5.6153,-3.1885,1.2778,2.1926
-6.0676,-2.6333,-3.8487,1.5218,3.4178
-6.5903,-5.0997,6.3242,1.1557,-4.1518
-6.9928,-6.5582,3.2764,-1.1897,-6.2502
-6.8452,3.6967,-4.0408,1.9391,4.1791
-6.9922,-0.43424,6.6894,-6.3152,-1.2649
-6.0772,-1.3254,5.3486,-1.8807,-5.5669
-6.7804,2.2945,-4.3636,3.505,6.4294
-6.8031,2.596,-4.3587,0.70714,5.923
-5.9142,2.6427,-1.6997,-1.736,0.86286
-5.7567,3.6293,-4.7856,2.0729,4.2635
-6.7086,-0.46429,2.9657,-2.4923,5.2984
-7.8037,0.024247,-5.327,1.8961,-5.1413
-5.6724,1.8665,0.86987,2.3757,5.6275
-6.4771,0.29294,-5.4402,4.3092,3.2967
-6.5151,4.8633,-6.3685,0.91707,4.3809
-6.3063,-2.1274,-4.5797,3.1522,-3.3543
-6.661,3.7362,-0.6167,-3.5061,5.2661
-6.3444,5.6751,-5.8542,1.9463,-1.0238
-6.3447,0.8695,-4.1467,-1.9523,6.6189
-6.2998,-2.037,0.94269,-2.6239,-0.47156
-6.6412,2.5156,-4.6727,2.9942,4.8265
-6.6027,0.35992,3.9386,-3.6124,-4.7753
-6.2564,3.15,5.2356,0.89839,2.6367
-6.0652,0.44059,-4.7154,-2.4164,0.22047
-6.2394,-5.0814,0.17676,-3.1328,0.083627
-6.3232,4.5869,-4.3547,4.0037,4.902
-6.3567,0.12635,-3.7836,-1.4949,-2.7083
-6.0115,0.17897,-5.8448,3.7931,4.1297
-6.1307,0.60901,-5.2276,3.1022,0.94132
-5.883,-4.2612,2.6369,-4.6017,1.8995
-5.9963,-3.5504,5.9427,2.2367,-6.1662
-6.5042,-3.0186,-5.0628,0.80403,2.5612
-6.7385,-6.2214,6.1507,3.0972,-0.41262
-6.32,1.679,4.1554,3.1931,-3.1379
-5.7636,3.4788,-4.5605,5.2758,2.0965
-5.8308,-4.6827,3.1819,0.83281,-3.138
-7.2268,4.0778,-6.1876,5.8829,5.0782
-6.0862,-0.59341,-5.4638,-0.95832,5.9693
-6.6979,3.4069,-6.3799,-4.2431,-0.69367
-6.0653,-5.033,-0.26449,-3.3598,5.767
-5.8739,-5.0351,-3.7179,2.4278,-3.3927
-6.6191,3.9277,-6.2997,-0.86455,6.4522
-6.175,-0.17367,-5.4238,4.3825,0.43652
-6.9197,-3.121,0.5273,2.955,-0.82356
-6.0846,5.5691,-2.378,0.27033,-2.705
-6.4589,-0.66288,4.2966,-4.7431,-2.0669
-5.963,5.0522,-4.4384,-1.0699,4.0032
-6.9419,4.5399,-3.2967,0.74662,4.1683
-6.3658,3.333,-0.97469,-4.1192,-4.3173
-5.8844,-4.8856,5.0304,3.8721,-6.0469
-6.2315,-6.1275,6.8289,-4.2975,-5.5458
-6.1634,3.7335,0.16706,-2.4449,3.4789
-6.3441,4.9192,-5.3457,-4.2457,3.0575
-6.6193,-5.5278,-4.274,5.5446,4.0251
-5.8961,1.4883,6.0313,-5.5484,-0.93168
-7.0819,6.505,4.7987,-6.217,-2.1366
-6.461,5.5032,5.1664,-0.074339,-2.5879
-6.4561,-2.6482,6.4945,-5.3044,-6.059
-6.4337,1.9661,-6.0861,5.3807,-6.3821
-7.0503,-6.5114,7.1877,-1.8164,-2.6846
-6.5226,-5.5146,6.4235,-3.935,-3.4209
-6.6669,2.0567,5.554,-4.2764,5.2108
-6.3596,-0.3499,6.1309,0.7692,-1.7402
-6.3871,-0.84311,-5.5586,-1.6754,4.5115
-6.5234,0.68964,-5.6822,3.6767,-0.846
-5.7515,-3.7349,4.7111,3.4639,-2.7793
-6.5714,-5.2227,5.6378,0.010044,-3.6195
-6.0909,-5.2817,5.8306,-3.2099,-0.71454
-6.4756,-1.3478,2.5582,-2.6726,-4.3958
-6.6274,-4.8398,0.60324,5.2227,-4.7434
-6.1853,-3.2262,-0.97067,1.7576,4.1563
-6.1797,-1.0192,2.5775,4.567,-5.5309
-6.9474,-4.2701,-1.3824,6.0461,5.226
-6.1944,1.767,4.7003,-3.0517,-5.2926
-6.6037,5.2388,5.4974,-1.3369,-0.38647
-6.2529,1.3389,-4.7858,3.8137,2.0722
-6.1959,2.5401,-4.1738,2.7268,0.039798
-6.1601,-3.4557,-3.3276,3.773,3.9064
-6.6118,-5.0358,3.6912,-1.6285,-0.33208
-6.1019,3.5688,-5.6645,-3.6496,5.3696
-6.2013,-4.9302,4.8796,3.9375,3.6139
-6.2309,3.4565,-6.0833,5.7502,2.4644
-6.1298,0.93417,-5.2718,2.4051,-3.234
-6.0437,-3.2688,2.0215,3.2111,-4.9911
-6.4467,0.8434,3.7666,4.8457,-4.7219
-6.199,-1.2191,3.0565,3.6906,-1.9996
-7.3123,-5.3335,5.6604,3.3575,-6.3413
-5.99,1.9386,-2.2988,0.32148,5.1671
-6.2522,-2.3655,0.22335,-3.3084,2.264
-5.9092,1.4884,-6.0291,4.3506,4.0674
-6.6955,-3.1126,5.807,-2.1334,-6.3127
-6.7135,5.9484,-5.8987,3.8739,6.2088
-6.715,2.0487,-5.3163,-3.3661,6.615
-6.3864,-1.8248,-3.5027,-4.3935,-1.6614
-6.3864,1.9063,5.2621,-4.9958,-4.4949
-6.3554,3.5741,3.304,1.346,2.0207
-6.2824,1.0244,5.9057,-0.83849,-4.9522
-6.8286,-6.3222,5.9939,2.1833,-6.6683
-5.8705,-4.4817,5.6678,0.71568,-5.8359
-6.1122,-4.7974,-5.277,3.9065,4.5111
-6.0199,4.5301,-3.654,-3.2294,-3.7682
-6.3911,6.0548,-3.4707,0.42499,6.0791
-6.0597,-1.9235,-4.8153,-1.6858,3.2437
-6.1025,3.8717,5.1583,-1.6685,5.9812
-5.8392,-6.3093,-1.0295,-4.6377,-3.1695
-6.3614,2.3787,-5.5491,-3.2575,6.1398
-5.8518,-1.7903,5.8795,-4.7619,-4.7008
-6.2484,3.8329,-1.1272,-0.10565,4.6032
-7.2097,-2.2803,1.4065,3.3154,-2.884
-6.0106,-1.8707,5.2093,-3.5191,-1.002
-6.6261,1.0245,1.7606,-5.191,-1.0842
-6.6342,-1.3757,3.2889,5.5143,-5.961
-6.6224,-6.9521,2.0577,3.4212,-5.796
-6.4132,-3.2721,0.71704,-4.0068,-2.7666
-6.0589,2.5584,6.0638,-4.9903,-3.7908
-6.4376,-1.5427,4.5192,-5.457,-3.1138
-6.217,1.0628,-4.8891,3.5605,4.4833
-6.2268,-5.1828,5.7503,3.6572,-6.5358
-6.1005,0.6812,1.2095,-1.9599,0.33095
-5.7331,2.5097,-4.2261,-4.8238,0.60578
-6.5233,-3.2651,-5.1712,-3.841,1.7015
-6.3238,5.7174,-0.28971,3.0228,-2.5439
-6.1808,3.7519,-6.0695,3.7204,5.9042
-5.9968,4.6326,-5.6998,0.95977,5.7397
-6.3567,-2.7147,5.4592,1.6341,-5.9638
-6.8428,3.9786,-6.4691,4.1289,4.9544
-6.9446,-4.4351,6.2595,4.8501,-6.3715
-6.2056,-4.561,-5.0296,4.996,4.579
-6.3622,2.1253,4.6686,-5.3552,-5.4419
-6.3812,2.6012,4.3571,2.0842,2.3719
-6.454,0.44084,5.864,-3.9762,-6.0631
-6.3269,-2.6761,-4.6229,2.3777,3.0631
-6.1562,-3.4337,5.896,-2.2931,-5.7948
-5.9764,-4.8147,4.9181,-1.9128,-0.64038
-5.9271,2.7726,4.2968,-3.5985,0.23184
-6.1037,0.019833,2.7508,-1.6927,-1.8223
-6.2365,-2.0654,-2.2212,0.18563,-1.5576
-5.9996,4.4517,-3.7662,0.27561,3.8334
-5.9885,3.6991,-3.453,2.8076,2.583
-6.4798,4.4527,-4.1385,-2.1495,4.4799
-6.1078,-5.2758,-4.1807,-2.1166,-1.1406
-6.3521,-2.2444,5.7671,-3.1179,6.4647
-6.1702,5.6003,-5.342,0.17525,-1.8105
-6.4441,-5.0383,-5.5736,4.8357,0.083331
-6.3906,5.7759,-5.3598,-0.42257,3.5428
-6.2673,2.1594,5.5754,0.94895,-2.7272
-6.4871,0.62694,3.9928,4.2362,0.889
-6.6637,4.0719,-5.2564,4.838,-1.8789
-6.1396,4.701,1.035,0.84979,0.84285
-6.7362,4.2986,-5.6717,-3.5495,-1.2332
-7.0131,3.941,6.5072,-1.072,-6.1822
-6.5401,5.1628,-6.1104,1.8061,5.3501
-6.0027,1.3499,-3.4203,-0.069481,5.7745
-6.0535,-2.6377,-5.1584,3.3732,4.6135
-5.8643,2.6976,5.3642,-3.5682,3.7609
-6.2075,-3.8546,-1.7596,-4.8502,-5.0451
-5.9893,-4.7733,-3.9103,4.3069,1.1036
-6.1561,4.2011,-5.4513,-0.22854,5.5293
-6.7899,-1.2347,3.5092,3.468,-5.1467
-5.8283,-3.0895,-4.4627,-3.3339,0.15688
-7.1667,4.1063,-4.7236,0.1096,0.72732
-5.6363,-0.52172,4.8764,-2.0977,-0.50183
-6.2132,5.6551,1.753,1.7224,-4.2178
-5.7905,-3.2502,5.7294,1.9463,0.98175
-6.3247,0.044116,-5.8706,5.0748,6.5144
-7.0527,0.64805,-4.9393,-4.9189,-0.038772
-6.3536,-6.4677,2.3006,-0.20744,-1.6894
-6.7163,3.0664,5.2049,-2.033,-5.1725
-6.6564,-1.5654,1.4827,-0.096756,-1.5809
-6.5556,1.5115,5.1282,-1.6022,0.38722
-6.8798,-5.8264,2.4631,-0.11498,-2.3993
-6.0744,-4.4626,5.3781,-2.9901,4.1192
-6.4397,-1.5968,5.4408,-4.1748,1.0248
-7.4426,2.9271,-0.41513,4.6699,-6.2786
-6.7174,-5.5431,-2.3985,5.0562,-4.177
-6.0826,3.83,-3.4236,1.8284,2.9553
-7.0319,-4.8535,5.5398,3.6154,-6.198
-6.1066,-3.3479,5.152,-1.8707,-5.9045
-6.6702,3.4034,-6.1053,0.81137,-1.567
-6.2278,-0.65685,2.4163,1.6232,-1.5652
-6.1575,1.6109,5.0993,-4.1183,-5.2685
-7.3414,4.0256,-2.5085,-2.6914,2.6259
-6.5283,4.5765,-5.5225,2.3569,6.011
-5.8842,6.1897,-1.7946,1.1173,-0.15116
-6.577,3.2352,-4.9394,4.908,-0.028002
-7.0231,5.6863,-4.0375,1.9074,3.8854
-5.6148,4.4299,3.0745,0.91913,2.1726
-6.6747,3.6118,3.8809,-2.9782,-0.95326
-6.1786,-0.30427,0.4229,4.2799,-2.8619
-6.2324,-5.0493,1.8212,-2.7257,-2.4314
-6.0683,-1.1493,5.567,-3.944,2.8027
-6.2836,-3.9913,-5.3516,-4.603,4.4759
-6.2887,-3.758,0.27248,3.0769,-2.9401
-6.3797,-3.2513,5.567,-3.3567,-4.2733
-6.3534,-3.364,5.958,5.0863,-3.2119
-6.332,-5.2681,-4.278,2.9797,5.4517
-6.3656,-0.16002,-5.9796,1.7733,4.5888
-6.4648,-5.4327,-0.87891,0.0173,2.4849
-6.0216,5.1389,0.48217,-1.8803,-4.4781
-7.1346,1.3571,-3.2117,5.3798,-3.5109
-5.9138,3.4324,3.4318,-1.1907,-1.8932
-6.3401,4.4916,1.274,0.21136,5.4553
-5.7662,3.2342,-5.7554,0.89706,5.4532
-6.0987,4.6401,-6.1022,4.1067,4.8515
-6.5695,-4.1729,4.127,-0.45863,-4.7438
-6.1279,4.1725,4.5781,-0.41052,-3.8312
-6.0564,4.4318,-4.4397,2.0546,3.2043
-6.3578,0.32924,3.6777,1.4461,6.1163
-5.9725,-1.0253,-5.5471,3.7907,5.6296
-6.1259,-0.38344,2.7783,0.63574,-2.8792
-6.601,-5.0641,4.3476,1.037,-4.1916
-6.4583,-5.9674,-5.011,5.4312,-0.61512
-6.4433,1.5503,2.3609,3.9548,-4.8513
-7.0784,2.1914,2.3371,-4.4566,-3.3822
-5.9422,-4.054,-4.9957,1.4909,4.5333
-6.3204,-1.2782,-1.3997,2.4129,1.1841
-6.0614,3.3612,-4.5957,5.2543,-4.0888
-6.3747,-5.2582,-3.6489,4.7749,2.9936
-6.0521,2.2998,-5.0528,2.0004,5.4322
-6.6923,-4.0942,-6.1159,-0.51746,1.4765
-6.4666,-4.5064,6.163,-2.5718,-6.5727
-6.3468,3.9609,4.5707,-1.1374,-2.7249
-6.0565,3.2207,-4.4542,1.7756,2.6706
-6.4226,3.2568,-5.3897,2.8074,5.2512
-6.71,-1.7265,0.54577,4.8243,-1.8565
-5.896,-3.6991,3.8874,3.1678,2.6043
-6.4431,3.2694,-2.4289,5.4928,2.653
-6.7348,-4.4915,-6.303,4.4267,6.161
-6.8953,-4.7803,6.0891,-1.6883,-4.3925
-5.7655,-6.1181,3.6407,-0.71749,1.7599
-5.9942,-4.7831,5.2177,-5.2816,-3.4689
-6.1703,-1.7263,5.1184,-2.3538,-2.7978
-6.0803,2.4419,5.3512,-4.5563,-4.6021
-7.045,-3.6493,-6.3147,4.7562,5.506
-5.8947,3.8888,3.3198,-4.3106,-0.1101
-5.8255,-4.1793,4.7528,-2.0761,-5.1233
-6.4739,-5.4527,4.3591,3.2038,1.8326
-6.2421,4.578,-5.8974,2.5512,5.9064
-6.6424,4.2013,-0.75563,-3.8513,-0.71695
-5.873,-4.9894,1.7325,3.8516,-2.5381
-7.2859,-4.6296,5.1448,2.3162,-5.0442
-6.0802,-2.3912,2.1641,-2.0493,-5.4736
-6.3087,4.0647,-4.9713,-3.1549,5.4448
-6.1226,-6.0664,-1.4467,-2.324,0.70922
-6.9362,-5.8273,6.9943,-4.6116,-3.5439
-6.3852,-5.075,0.74502,0.82074,2.5123
-6.7615,-6.5297,1.4788,-5.4246,4.8059
-6.7382,3.3334,-0.6294,3.3867,1.5176
-6.6094,5.4718,4.1277,1.5968,-4.7688
-6.3168,4.7567,4.6558,3.4798,-5.6986
-6.8508,-0.24658,-6.5545,5.2072,6.8134
-6.2029,4.4688,-6.1591,-2.3748,0.93536
-6.3717,-1.9964,5.4375,-2.7114,-5.5234
-7.0385,-3.8145,6.5715,-1.024,-5.1251
-7.0978,2.5345,3.5177,-1.7293,-1.2411
-6.9614,5.228,-0.43552,0.2122,-4.5384
-6.3841,-4.9087,0.62651,4.1284,3.1137
-7.0977,-5.157,1.1054,-0.23556,6.2772
-7.6039,-5.0657,7.3341,3.5735,-4.1683
-5.8794,5.424,-0.80588,-1.4978,3.7663
-6.7182,-3.5704,4.9479,-2.6757,-4.9081
-6.3692,-4.2223,-1.2424,3.0383,0.92608
-6.2136,-3.1134,5.4835,-4.8536,-4.0182
-6.0795,4.461,-1.7114,3.1501,4.6894
-7.2299,2.0758,4.316,-2.8269,-4.9308
-6.7692,3.1969,-6.1357,-2.8556,6.1346
-6.1567,1.6775,-5.7589,4.9905,1.8452
-6.511,6.2217,5.366,-3.1215,-1.5727
-6.2424,-1.6063,4.2194,-4.2069,-3.5889
-6.5697,4.7173,-5.5407,-0.45628,2.1161
-6.2517,-5.92,6.7996,-2.4258,-6.3798
-6.1785,5.2798,-0.48191,-1.992,-2.898
-6.5139,1.205,0.17637,-3.7498,-0.15639
-6.1478,-0.47389,-5.844,-0.11621,5.7515
-7.1173,-6.5212,3.534,-3.3868,0.16351
-5.9786,-0.079328,-1.2442,-2.1061,2.7143
-6.9062,4.1551,-5.3603,-1.2825,5.574
-6.6688,1.7273,-5.6287,3.4268,6.4611
-6.4859,5.2713,0.29295,0.26672,4.4109
-6.3623,-1.5551,-1.8799,4.3515,-3.0178
-5.9801,2.0295,-2.2373,1.5524,4.3397
-6.4229,-3.3938,5.9296,0.29222,-5.4306
-6.458,-2.4408,0.54966,-1.6951,-2.8721
-6.6987,-5.259,6.7959,2.4645,-6.8258
-6.3202,3.744,-5.5605,-4.643,5.5943
-6.3975,0.16241,-5.5628,-1.5852,2.8079
-6.1886,-5.5266,-0.14232,1.8433,-0.40225
-6.4192,-0.043992,5.7666,-3.9176,-6.0454
-6.3229,4.8718,5.3108,-1.948,2.1027
-6.3812,0.703,-5.3689,4.2492,6.0705
-6.0347,-4.6687,-1.5367,2.0951,4.4207
-7.0981,-5.9747,3.5334,3.2223,-3.6475
-6.2419,-3.2176,5.493,-3.5299,-5.5441
-7.0032,-6.1433,2.7704,0.47973,-5.5861
-6.5646,1.5013,-5.8623,-1.0613,0.59888
-7.1157,-6.133,4.1187,1.833,-2.8579
-6.5506,3.9767,-0.33019,-2.1937,-1.2496
-6.3791,-0.57129,5.1785,-2.8041,2.412
-7.0142,0.71519,7.1212,-4.1144,-3.5428
-6.9167,5.0517,-6.2685,3.8394,6.5104
-5.9603,1.9277,2.7267,-4.7983,1.0511
-6.4842,1.6687,-2.8639,4.6436,0.054558
-7.0602,5.5982,-6.753,1.3687,0.089455
-5.9127,-5.4206,5.7587,-2.3555,-4.0102
-6.3084,0.11276,0.76909,-1.4709,5.1822
-5.8553,2.0234,-4.9901,3.7035,4.778
-6.0403,4.5989,-3.2264,-2.049,-1.1464
-6.3556,-3.4418,-2.4466,3.8662,4.702
-5.9945,1.6729,5.8745,-3.1673,-4.6608
-7.5483,-1.628,-7.2499,5.2137,7.596
-5.8016,3.5518,3.3414,-1.6324,-0.9744
-6.2355,-5.2183,-2.943,2.3404,0.18565
-6.0985,-0.28521,-2.6802,2.8243,2.9643
-6.1547,-2.8098,5.6878,2.5253,-6.0074
-6.1556,-4.7895,5.9471,2.5427,-6.1771
-6.7122,-2.5328,-3.756,4.5251,1.039
-6.2755,-4.6044,5.74,-1.928,-5.6559
-6.5562,6.1806,-4.8005,-0.47168,3.0762
-6.1161,-1.3033,-3.9057,2.7037,-4.2061
-6.1519,-0.16459,-0.89636,-0.51331,2.7605
-7.4532,-3.1275,5.3959,0.18978,-6.8638
-6.1989,2.1609,-3.7044,1.0498,4.1195
-6.2081,-0.61465,4.6,1.3755,-1.0595
-7.0494,4.6177,-6.9096,6.3517,0.44225
-6.6847,4.2476,-6.4869,4.0882,-1.8785
-5.8762,2.9138,1.0995,-2.1539,4.0903
-6.8283,-1.9025,0.94206,1.8338,-1.5078
-7.1118,6.4638,-2.4513,4.0267,0.096465
-6.9697,-6.015,4.4148,2.3998,-5.9438
-6.565,4.9302,-5.3801,3.4337,-0.75197
-6.9304,-2.0866,5.9909,-4.4908,-3.2128
-6.1889,-6.3307,3.0725,-2.7593,4.2337
-6.6454,3.8399,2.1613,4.752,-0.95517
-6.1018,-4.0994,3.5998,-4.4011,-5.5544
-6.7197,-5.4836,6.4587,-2.877,-6.6234
-5.8019,2.3137,3.9565,0.22214,-3.4441
-6.1939,2.6283,-4.9098,-2.8652,5.713
-6.4785,5.4723,3.8736,-1.678,-1.7368
-6.5406,4.0174,-6.2088,4.2527,6.3603
-6.4132,-2.9971,-4.072,1.8621,5.1316
-5.8164,-1.9343,3.6388,-1.9633,0.80894
-7.0001,5.225,3.2277,2.805,-5.2965
-6.4064,-6.0164,6.2349,-3.4597,-1.3727
-6.4043,4.5389,-0.71187,-4.7308,5.1585
-7.1621,5.216,-5.8049,-3.4744,7.1238
-6.47,-3.6094,2.6969,-4.4321,-1.4211
-6.0717,5.527,-4.2769,0.74782,0.19712
-5.8554,-1.1804,-3.1688,3.8329,-0.2876
-6.3174,-0.89148,-5.7522,-2.1841,0.63621
-7.9502,6.2704,6.1039,-0.048689,2.8319
-6.5183,-5.7587,2.6468,2.1977,-5.967
-6.0862,-3.6711,-3.069,4.9435,1.6357
-6.0877,5.5863,-2.9669,-3.2387,-1.8269
-6.0019,-2.6883,2.8366,4.0642,-4.6863
-6.0152,-0.40218,-1.2341,-3.4527,2.9263
-6.0039,1.1214,0.43164,4.3096,-2.3851
-5.6863,-2.7498,3.1915,-1.1201,-4.2727
-6.8354,1.1867,-6.2812,-3.8726,6.7602
-6.2824,4.3999,-0.83785,5.6248,-1.92
-6.5897,-3.3063,5.7467,-1.2002,-6.1467
-6.5152,1.7247,-4.5222,4.8109,3.512
-7.4833,-4.0627,7.5581,-5.0793,-7.2069
-6.1522,-6.1896,-4.3996,2.1094,0.046198
-6.6727,-5.2752,6.4699,2.926,-0.026614
-6.9674,-3.1921,-6.6656,5.3872,5.544
-6.8415,4.3272,-6.8596,-0.1265,2.3266
-5.8332,5.6526,-5.7801,-0.60537,1.6101
-6.274,5.5499,2.2277,-3.0506,1.171
-6.201,0.19438,-3.2177,-2.9464,3.5857
-6.0804,0.66701,6.2048,-2.3739,3.7749
-6.4858,3.675,1.7157,-4.6131,-1.0872
-6.6051,0.86505,4.8069,0.8012,-5.3633
-6.6548,-4.1418,-2.3573,4.9116,4.339
-6.5176,4.6011,2.5666,-0.91265,-4.4779
-6.4248,-2.8023,4.2639,3.6182,-5.8251
-6.6598,-1.5271,6.4663,3.1607,-4.329
-6.0747,4.872,-4.9658,-0.31764,5.6647
-6.2835,2.5657,4.0005,-0.25962,-4.5494
-8.4216,-0.058416,-3.0494,6.5293,1.5198
-6.2271,-5.5927,4.8074,2.3716,-5.3597
-5.7156,-4.6238,-4.6581,-0.29468,1.3114
-6.2678,-5.4645,4.7136,1.4902,-3.3355
-7.3519,-6.1256,6.0669,-1.3369,-6.7027
-6.3379,-5.4272,4.7682,1.1682,-1.7507
-6.0418,6.4817,2.2067,0.6434,1.1758
-6.2947,0.69931,-4.0439,-2.8284,-4.6024
-5.81,4.0259,-4.4241,2.6072,5.0985
-6.8595,-2.152,4.7495,3.8133,-5.8874
-6.5727,0.15436,5.7189,-5.2133,-5.9131
-6.2946,4.2368,3.539,3.602,-4.5314
-6.4702,4.2516,-6.3364,2.9044,5.6143
-6.2159,5.4227,-5.768,-1.0171,4.2977
-6.1527,2.93,-2.9683,-2.1888,4.0528
-5.7125,-1.6963,2.5198,-1.4395,-0.74109
-6.8084,-2.3825,6.0104,-5.3439,-0.66671
-7.0404,5.0619,5.7326,-5.6543,-6.5925
-6.7544,-7.0327,-1.807,-2.932,0.49829
-6.6991,-3.844,4.9859,0.51469,-5.1013
-6.4077,1.23,-4.4826,-0.43878,4.25
-6.8441,4.5658,5.9048,-4.8425,4.3283
-6.8246,-5.5993,-2.875,4.8822,6.1564
-6.4965,3.5705,-6.0899,0.10709,6.6715
-5.7486,-1.777,-2.6332,2.4916,-0.88492
-6.426,4.6279,0.40495,5.3867,3.2682
-6.2873,-1.0676,-5.9047,-1.6565,2.7865
-6.3931,-4.5558,6.186,2.4918,-1.272
-6.0605,-1.8447,-5.3765,1.5339,5.8987
-6.0884,0.25798,-5.66,-1.9197,-0.29446
-7.7964,-4.6275,7.632,3.2129,-7.8207
-5.7423,3.9462,-1.2705,3.7742,-0.73399
-7.0201,-5.8312,6.4314,1.6785,-4.1209
-6.3647,1.4503,-6.0689,2.1472,4.9166
-6.2897,-4.2839,5.2077,-1.5588,-5.135
-6.5679,2.7487,2.0617,-4.7889,-4.8287
-6.4993,-1.3323,-4.4308,3.1455,1.9413
-6.4475,4.1898,-5.185,2.3212,-2.8259
-6.2461,0.80365,2.1035,-1.3416,-1.3572
-5.9314,3.2139,-3.1452,0.42461,2.4121
-6.7278,2.8522,-5.8891,-3.5483,6.5658
-6.2029,-3.6221,0.8429,-3.1366,-1.6335
-5.9329,3.6763,2.134,-4.1121,3.8571
-6.1446,-2.5367,-2.5118,-5.1429,0.90023
-6.4016,-0.53916,0.50384,3.8328,-5.1943
-5.6688,1.1267,5.2602,-2.3334,-5.1523
-5.8594,1.2066,3.7158,2.7184,-4.5247
-6.614,-4.0937,3.0774,-0.54336,-2.7006
-6.0764,5.043,4.2166,-4.6307,-2.1266
-6.5824,-4.3779,6.4444,4.4122,-1.8645
-7.3816,-4.4162,5.1728,4.1861,6.3256
-6.8265,6.3506,-7.0344,2.4994,5.5501
-6.0195,-1.7896,-3.5234,4.2433,3.1588
-7.061,-0.88931,-6.6229,1.9812,0.66041
-5.9469,4.7676,-3.9632,3.6281,5.0805
-6.1485,2.4163,-5.2509,0.89656,5.0353
-5.875,0.2312,3.9569,-4.4402,-4.7162
-6.2721,5.427,-1.8356,1.5702,-3.8373
-6.8644,6.432,2.4249,-3.9672,0.87977
-7.0818,2.6359,3.4069,-6.7459,-3.9087
-6.1467,-2.0594,-0.55751,-1.1169,3.9245
-6.0783,2.1734,-5.0488,2.2131,-3.0183
-6.0069,-4.5206,5.7618,0.49542,-5.8209
-5.9134,-4.9469,5.7319,1.2075,-5.891
-6.198,0.19933,3.1937,0.74989,1.9204
-6.0932,4.2892,-3.5399,-3.8525,5.5852
-5.6106,2.8193,-4.6651,-4.5484,5.0673
-6.6767,5.8537,-6.7288,-3.424,3.318
-5.8133,-1.7662,3.6818,-0.71196,-3.734
-6.5507,-1.34,5.5355,-5.3512,-6.4801
-6.1323,0.15274,-5.3656,4.36,5.4582
-6.0527,6.0893,-6.0807,2.8765,5.9818
-6.1432,-0.0089793,-3.5219,-3.2336,4.1142
-6.4074,0.82876,4.853,3.3385,-3.4842
-5.9349,-0.76513,2.7529,2.2869,3.0038
-5.8457,-4.7382,-3.932,3.4147,2.6601
-5.9853,-6.0329,-2.7458,-0.7839,-0.51883
-6.6801,3.5833,2.8546,-2.3286,-4.7341
-6.027,4.621,-3.8889,4.5629,-2.466
-5.9929,1.2425,0.74222,-4.8747,-0.6377
-6.4215,4.513,-6.5922,4.5597,6.5781
-6.4819,-3.4245,5.5799,-2.516,-4.9173
-6.0486,5.5167,-6.1753,-3.0795,5.8788
-6.0029,-2.2824,5.4255,3.7364,-3.2761
-6.4766,5.9048,-5.1562,1.6905,6.0922
-6.5776,6.0102,3.7215,0.17727,0.9278
-6.4269,-4.0842,5.0126,-0.48974,-5.1867
-6.5037,-3.598,2.7156,-0.34357,0.62446
-6.17,-5.0318,1.7986,-0.4138,-5.4345
-6.7655,1.1898,-6.5635,0.89722,6.9965
-6.6023,2.7116,5.844,-5.3341,0.35729
-5.8072,0.59969,-2.9635,0.14216,-4.5053
-6.3891,3.1325,-4.3854,3.1934,5.4777
-6.4206,-6.2371,3.302,2.5433,-0.83842
-6.1133,-0.49415,-0.40327,0.18985,-2.4297
-6.142,-0.96537,2.5169,4.0511,-0.85952
-6.2333,-4.1934,5.5483,0.09097,-5.6807
-5.998,-5.2093,5.2473,0.65964,-4.5155
-6.3328,4.1744,-1.2949,1.3761,5.3558
-7.4723,-0.22214,-7.226,5.2087,7.5162
-6.1563,-0.35664,1.2744,-3.8482,-2.5801
-5.779,4.7313,-5.2645,4.4659,0.99855
-6.1796,-2.0977,-2.0363,-0.067951,5.3262
-7.0034,5.5592,-6.8286,1.6265,6.9263
-5.9382,-5.2393,-2.3282,1.8752,3.9951
-6.6508,-4.9607,6.1139,1.0106,-6.6086
-6.5939,-0.58958,-6.4967,0.063131,-5.6118
-6.1578,-1.7164,5.7219,-4.6371,-3.9307
-5.9913,5.5922,3.3576,-0.71762,-2.8523
-6.7333,4.9066,4.1418,-3.5006,3.1261
-6.7418,-6.3121,2.7362,-3.6432,3.6556
-6.6174,3.6708,5.0138,1.8827,-3.0226
-6.1525,-4.6925,5.4768,-3.9608,-2.9134
-6.7858,-0.83016,6.2202,3.642,0.13831
-7.2317,2.0206,6.3005,-6.1963,-5.7149
-6.8419,5.5336,-5.0111,-2.0815,5.36
-6.2113,-4.3047,6.2288,-2.4505,-5.5507
-6.6414,-5.9901,5.2867,3.2395,-2.5675
-6.6681,-4.594,6.328,1.7415,1.5865
-6.4569,-5.9565,-1.99,4.1346,4.0427
-6.5167,3.4467,-5.3007,6.0969,4.6148
-5.9785,0.74767,-4.979,-1.2268,2.6275
-5.9843,-4.2759,-4.1785,4.6777,-0.93198
-6.0595,3.9358,-2.9796,-3.4927,5.0607
-6.852,5.5798,-1.7271,-0.96969,1.0782
-5.7937,-0.38652,4.158,0.076244,-4.4711
-6.1202,-4.0043,-1.465,-2.3613,1.4123
-6.2011,-5.5798,6.267,-3.7613,0.33305
-5.6748,-1.2624,-0.49394,-4.2912,3.4222
-6.3591,-4.2002,6.4101,3.9764,1.9228
-6.1995,3.2089,-2.5829,-5.0646,1.1033
-6.0784,-0.904,0.96646,-2.1632,0.62288
-6.4493,-4.0802,4.0285,3.3107,4.6021
-6.3508,-5.2972,-3.4033,0.98676,3.279
-6.1191,-2.8987,0.15818,1.9166,-4.3533
-6.8125,-5.2606,5.1385,1.173,-5.9492
-6.3554,0.83895,-5.7596,3.6925,5.8532
-6.676,-2.1703,5.3961,1.3402,-4.2499
-6.5575,-4.9037,5.9537,3.4112,-6.6151
-7.194,-3.2054,3.4245,-3.552,-2.6869
-5.9969,-1.4016,5.9191,-3.0491,-6.1609
-7.0459,5.8148,-5.2541,2.6109,5.9396
-6.1151,-5.198,2.4015,-2.2276,-0.37942
-6.883,-4.0782,5.5776,4.1918,5.5432
-5.8469,-4.7483,5.3474,-2.173,3.0146
-6.3899,1.3218,-5.6854,2.0806,5.6803
-7.2374,5.6837,-7.1675,3.3273,5.6878
-6.0624,1.9756,-5.7089,-1.1461,5.7872
-5.8745,-1.9367,4.8212,4.5573,-2.7948
-6.4788,-4.1254,6.0345,1.5174,-1.3384
-6.2859,1.6677,2.4335,-0.10905,-6.005
-6.2189,-0.99884,-5.4205,-2.5983,6.2804
-6.2123,-2.2884,5.9218,-4.0163,-6.0189
-6.2429,1.3552,0.51909,5.0487,-3.144
-6.0829,1.7002,-4.2287,-0.17995,5.1818
-6.2521,-3.9394,4.8996,-0.3831,-5.2128
-7.2273,-0.24372,6.1737,2.7477,-3.9825
-6.0077,-4.0486,2.0187,0.75532,-2.9895
-7.3393,-2.3237,-5.9797,-5.6685,6.6394
-6.4627,-3.9322,5.3503,1.0649,-5.3787
-5.8585,-4.7662,4.6534,-4.9609,-4.051
-5.6933,-2.8129,-2.2411,-0.5254,-3.5685
-6.4593,2.3694,-1.8879,-5.0958,-1.8133
-6.0118,-0.4474,2.1093,-2.8889,5.2019
-6.3176,0.10536,-2.522,-2.9972,2.8677
-6.0941,-2.5232,-4.6169,4.6573,1.6316
-6.5094,5.5955,-6.1059,-1.7357,2.5622
-6.2431,2.6824,-3.586,2.4876,4.8786
-6.4923,-4.6075,-0.55857,4.9326,-3.6101
-6.8599,-5.8123,5.3552,-2.8923,-5.7599
-6.2395,-4.6869,-5.4059,4.3554,-4.7573
-5.8997,-3.727,3.7593,-1.5809,-3.7256
-6.5075,4.0121,5.002,0.33571,3.2591
-6.3388,-2.3522,1.3449,-0.28677,-4.6634
-6.569,-6.2014,5.2943,1.3992,-1.7381
-6.8977,-3.3527,6.9035,-5.4865,-6.7572
-6.92,4.6083,-6.7142,1.9543,6.4341
-6.5614,1.466,-6.1385,3.1175,6.5385
-6.1497,4.4231,4.0063,5.6952,0.50619
-6.0848,-4.8649,5.6687,-3.8291,-5.4144
-5.5957,1.8267,4.1312,4.2376,4.1944
-6.4842,-3.2646,5.5559,-4.0663,-1.433
-6.3309,4.8791,-2.5874,-3.1817,1.5531
-6.0507,-1.0087,-4.2243,-0.97313,4.2855
-6.8424,0.13369,-2.6134,-2.7832,3.6872
-6.1999,6.1982,-4.479,1.4677,0.24008
-6.2649,4.118,-6.0609,0.85715,5.1764
-5.9303,3.5814,-3.3616,-3.1638,5.0092
-6.9451,3.6601,-4.4924,-3.8982,6.4467
-6.8982,0.064182,-4.2031,-4.7909,5.1472
-7.368,4.8602,-6.4287,-1.086,4.7301
-6.3561,5.2078,3.2885,-4.4851,2.0775
-5.6859,0.020488,3.1907,-4.9293,-2.9198
-6.6138,5.3631,4.5066,1.655,-4.0521
-6.1704,-0.75945,-4.7182,2.6721,5.6729
-6.0932,-1.2549,4.9018,-1.6632,0.22917
-6.4945,0.0040712,5.9087,-3.9588,-5.6754
-6.6052,3.0167,0.73411,-2.1034,1.3426
-6.0471,-3.3973,5.606,3.1876,-5.9725
-5.9201,-2.8325,-5.7585,5.566,-3.668
-6.1552,3.5394,-4.6033,-3.9603,-1.6233
-6.148,-3.2653,-3.745,0.20543,5.4261
-5.6602,-1.3782,3.3498,-1.9542,4.5308
-6.2603,-5.0861,5.953,1.4072,-4.3207
-6.9683,-3.6831,3.5271,4.7939,-5.5137
-6.9396,-0.33575,4.8438,-4.5454,4.7428
-6.0801,6.426,-4.8012,4.3494,-1.3117
-8.132,-7.7205,-3.9793,-5.0666,0.58955
-6.2619,1.1061,-0.64174,-2.4682,-2.9183
-6.8368,-5.0909,2.8147,4.4904,-0.0093108
-6.0824,4.4657,-4.7304,3.1095,-4.3859
-6.2208,-1.7579,3.1277,-2.5152,5.1486
-7.0766,1.3348,-6.2127,-4.4059,6.1597
-6.2153,-5.0215,-4.3121,-1.0793,-5.4476
-6.7155,3.0502,1.1384,2.5721,1.953
-6.6757,4.6949,-6.5446,3.9917,6.0495
-6.5713,-4.2983,5.8467,3.5902,-3.4623
-5.8903,1.1392,-1.5396,-0.33874,3.7793
-7.0798,-4.6732,5.4749,1.0273,-6.1309
-5.9615,-2.5355,-5.6144,-1.0224,-2.4221
-6.2863,2.2239,-5.1992,3.9561,-2.1794
-6.4077,-4.9475,0.18001,2.3022,2.0776
-6.3674,4.3207,4.7227,-2.6743,-3.1321
-6.1211,4.4064,-5.2334,5.0011,3.5778
-7.0676,-1.6338,5.2363,4.6442,-0.56716
-7.045,-5.9937,-5.8235,5.0648,5.9459
-7.0661,-6.0458,-2.5744,1.584,6.9583
-6.2297,3.7522,-4.9453,0.82217,2.8862
-6.5599,0.28282,-4.7684,-1.9149,6.147
-6.23,2.9115,-3.9359,-1.1934,5.7538
-6.9805,-6.4365,-6.0353,2.2666,-5.5974
-6.4456,4.3443,-5.6477,-2.6608,5.6408
-6.5787,0.15577,-2.5251,-4.0013,4.4951
-6.2134,-0.82216,5.9089,-1.9288,5.8181
-6.4042,-3.4425,5.5153,4.5792,-5.688
-6.7827,-4.1211,5.462,-0.85388,-4.1958
-6.6092,1.7473,-6.4957,5.0568,4.3592
-6.6514,-4.4494,-2.064,3.8187,-4.2882
-6.4495,1.0601,5.3516,1.603,-2.8399
-6.9398,-1.5397,-5.3298,5.849,3.6109
-5.992,1.6827,4.5417,1.269,-5.0349
-6.1305,-4.0104,4.5749,0.74993,0.10856
-6.7028,-5.8082,5.7268,-1.1609,-5.8112
-6.0517,1.8929,-3.4175,-1.4085,2.4478
-7.0943,2.2717,-6.0957,2.8494,6.5854
-5.8296,4.5231,-4.7503,-0.95246,4.5003
-6.2737,-0.35068,2.7902,-3.7432,-5.5023
-6.5742,-6.0896,5.6695,-4.4364,2.9866
-6.2278,-4.3175,1.6394,0.32207,-0.46434
-6.8709,2.3084,0.58541,-4.3338,4.6845
-6.1888,2.3716,-6.1359,4.2215,5.1534
-6.0625,2.7359,0.27619,-1.6181,1.3322
-5.9536,3.3187,-1.0282,1.7296,5.7693
-6.5845,-2.167,2.3337,-3.8402,0.27722
-6.112,2.8035,-2.2369,0.20917,-4.515
-6.0807,-3.1614,-5.6148,0.82071,1.6838
-6.2017,6.1442,-2.2283,-0.44847,0.048518
-6.3438,4.0645,4.325,3.8494,-4.5353
-6.2702,-4.2541,4.3118,1.7847,-4.2553
-6.8223,-5.6019,6.9276,4.213,-4.6721
-5.8527,-4.3689,-4.4771,3.3898,3.6599
-6.4951,4.1191,0.26048,2.1248,-0.66114
-6.0242,-0.99302,-5.9574,0.18305,-3.2581
-6.5344,0.11225,6.2054,-3.1601,2.7172
-6.2766,-4.836,5.9041,-4.7719,-3.112
-5.8864,-1.8253,-4.0124,3.6672,1.5507
-5.7776,3.7589,0.10919,0.65179,4.5818
-6.1656,4.7539,0.48746,-1.1312,0.7041
-6.4466,-4.7265,4.7871,3.6656,-4.7362
-6.4815,-2.0982,-4.5337,-2.7757,5.4633
-5.6637,5.0732,-0.44218,-1.8663,-4.3131
-6.2204,2.3101,-5.7869,2.9767,6.4576
-6.3044,-1.4563,-3.0624,-5.3909,0.16767
-6.1486,-0.73275,1.1447,1.2143,-3.873
-5.9106,-3.6334,5.0038,1.9076,-5.8887
-5.9719,5.2719,-4.8006,3.8562,-1.6531
-6.8753,-0.39101,-6.5243,-1.9544,5.8916
-6.6909,-5.533,5.2809,0.055796,-5.6751
-6.0033,4.5699,-3.9775,2.0358,3.0872
-6.5338,2.0176,1.788,-3.6598,5.8512
-6.5985,-4.1599,-5.6274,0.88582,3.4325
-6.5035,-4.6831,6.0666,-4.5586,-6.142
-5.8953,-3.5346,5.1411,0.66803,-5.4904
-5.7632,1.6026,-5.2546,2.7345,4.871
-6.7151,-0.48888,0.45877,-0.004182,-5.5753
-6.1895,-5.6931,2.4656,-2.1661,-1.2793
-6.3517,2.1657,5.0619,-1.0318,-2.3883
-6.4507,-4.5907,3.6945,-4.8671,-5.3315
-6.9392,5.5906,-3.2238,5.7929,-6.0708
-6.094,3.4002,4.4093,2.0486,-4.2586
-6.6794,2.9393,-5.9652,2.3331,6.5566
-6.1848,-4.8201,5.3836,-0.20922,-5.0621
-6.9153,0.86702,4.0019,-1.763,7.2359
-6.1042,4.3653,-4.9168,2.6387,5.9292
-6.5311,3.1427,-6.272,5.6579,6.3565
-6.4133,-3.6585,5.9206,-0.98716,-6.0682
-6.4319,6.0938,-5.7065,-3.4059,-0.47347
-6.1845,1.584,-5.9474,4.4776,4.1087
-6.8523,-1.048,-3.9356,3.7166,4.6067
-6.7068,0.18225,2.5293,-5.2575,1.8067
-6.0287,4.7641,-4.1708,-2.724,4.319
-6.2562,1.2635,-5.7649,3.6463,5.9384
-6.4334,4.3759,5.3098,2.3367,-4.0403
-6.138,0.60794,-3.3543,-4.7259,3.7747
-6.2952,3.2582,-5.0028,5.9482,5.4411
-6.4703,-4.1621,6.5158,4.2756,-4.4083
-6.098,6.1538,0.71201,-2.5802,-1.0777
-6.4672,-3.1358,5.771,-2.9655,-5.9611
-7.68,-1.4421,-1.9994,-6.5855,6.4686
-6.057,-1.658,3.927,-2.4278,-2.6152
-6.4277,-4.3253,5.4507,-0.49369,-5.7707
-5.8123,3.3264,-2.8029,0.35443,-2.2754
-7.0225,-0.69282,-0.094644,-3.566,2.7277
-6.8283,5.7709,6.5225,3.33,-2.9094
-5.654,4.6504,4.8514,-4.0503,1.0781
-7.0702,2.496,-6.431,1.6627,6.503
-6.1115,-1.246,-6.024,4.5318,3.3293
-6.2678,-4.1597,5.2941,-3.2187,3.3193
-6.6693,-1.9986,-2.6155,4.4426,-5.3918
-6.8252,-3.4148,4.0709,3.8801,0.19443
-7.6461,-7.0881,-5.7992,-1.1754,-5.6801
-5.9908,2.2195,2.1357,3.9955,-5.3901
-5.8911,-0.41786,5.394,-2.214,-5.5069
-6.195,-4.7521,-0.66935,-4.2935,-3.1942
-7.2523,-5.3067,6.893,0.96485,3.362
-6.8984,4.916,-3.8902,-5.7856,-2.475
-6.4811,4.2536,-5.6029,2.4839,5.8931
-6.5544,2.0311,-3.6887,5.4881,3.9215
-6.308,1.9215,-2.6637,4.6676,0.81341
-7.2774,-0.78685,-5.935,-6.2107,3.9444
-6.2132,5.6278,-2.1547,-2.9546,-2.0794
-6.0998,-3.3661,5.675,-1.9789,-4.4906
-6.4776,-6.0156,2.7403,0.84648,3.296
-6.1897,5.8975,-4.4189,0.12347,4.2738
-6.5041,6.6674,-2.3623,6.2323,2.5446
-7.4454,4.4893,3.9721,-7.3546,-4.6476
-6.7749,-2.3605,-6.1534,-4.3265,4.0023
-6.1272,-0.81074,5.2315,-1.9157,-4.9812
-6.8942,-2.1823,-3.0088,2.8929,2.5084
-6.0847,-1.6924,3.3083,-2.4785,5.3084
-6.0955,-5.274,-2.2248,-1.058,0.16021
-7.6929,1.1521,-6.7982,4.9265,1.8162
-6.6324,3.0411,-5.4321,-0.49834,6.5166
-6.1929,5.5533,-4.1877,-2.599,4.0616
-6.639,-4.5532,-0.88265,-4.1979,-0.30658
-6.6729,6.1295,-1.1267,-5.0305,2.8391
-5.9711,4.8678,-0.53063,-3.0358,0.41019
-6.8076,2.8661,-4.2225,-1.2892,3.2904
-6.5535,2.1954,-3.2656,-6.119,-0.33992
-6.2562,-3.566,-4.2708,2.6685,-5.8267
-6.0048,-4.7134,4.1222,-0.90724,2.783
-6.2525,1.1309,-5.4608,-4.838,-0.21966
-5.8673,-3.7736,5.0232,1.3197,-4.7924
-5.8131,2.8877,-5.2697,-3.2463,2.3957
-6.1615,4.0854,4.9036,-1.1874,-3.6465
-6.2819,2.8611,-1.1394,-4.2533,5.7816
-5.9064,-5.398,-4.3644,-1.2157,3.3621
-6.6384,5.5316,3.4387,-1.6516,-3.6866
-6.1747,-3.7759,5.3514,0.94765,-6.2795
-6.0831,3.787,-5.2839,-4.1549,3.907
-6.6405,2.7477,-6.2084,5.1269,0.79954
-5.992,-0.30658,-5.0989,2.6034,5.1518
-6.0922,-4.2873,-3.896,-1.0852,4.4579
-6.6688,-0.69163,5.3892,-2.9134,0.4974
-5.8982,0.82625,-5.6433,4.8622,5.5058
-7.3669,-1.9593,5.7146,3.681,-3.9132
-6.3744,5.4674,-5.8787,1.1756,5.6882
-6.0832,2.6376,2.7645,3.4702,0.69913
-6.0559,3.0285,-0.83788,-0.65241,-5.0993
-5.8541,-5.6404,-4.1585,-0.73821,5.2633
-5.8631,-2.2115,-4.7496,3.2354,4.5784
-7.0377,1.0885,3.6014,3.9656,-5.4779
-6.9976,3.3395,-5.8879,-5.6741,-2.7448
-5.81,-1.6675,4.5782,3.615,5.6317
-6.1407,4.744,-2.8904,-0.20873,1.4436
-6.7301,4.076,-4.7502,2.3198,5.4101
-6.2916,-0.85979,1.5914,-2.2439,1.7107
-7.0089,4.5251,-6.8666,1.929,4.3812
-7.0662,-5.2437,1.8442,-1.9506,-6.3146
-6.188,6.6276,1.8202,1.122,-0.79944
-5.9454,-3.77,-1.3361,1.2819,0.23834
-6.0156,4.1196,-5.6682,-3.4409,3.5399
-7.281,6.1289,-4.525,-4.0799,-2.438
-6.2256,-0.25554,-3.1997,2.6481,5.1346
-5.9351,5.258,-1.7917,-0.25037,-3.9819
-6.9878,0.95433,-3.6674,4.3415,2.3273
-5.5261,-2.7625,2.8896,-0.44452,-4.7108
-6.1245,5.6573,2.0003,4.4926,-3.1401
-6.1987,3.0339,-4.55,-1.1347,3.2011
-6.5929,-2.5939,-5.039,1.162,5.7796
-6.3642,-5.3802,0.81762,1.5207,-1.8608
-6.8242,3.6239,-6.6049,-4.6248,0.27407
-7.2017,5.7028,-3.6586,-4.1193,5.83
-6.4013,0.54635,-5.0684,0.93059,5.8148
-6.6497,-4.1135,4.8547,3.8805,-1.6865
-6.3689,0.38537,3.1538,-1.885,0.39913
-6.2156,5.7132,-6.3886,4.046,1.9066
-6.8285,-1.9206,1.2408,3.1862,6.374
-6.4675,-3.6174,-2.0289,-2.7241,3.4817
-6.4176,3.6089,-5.6538,-1.4202,6.7593
-7.0237,-0.87868,6.825,-5.4947,-7.126
-6.1459,4.5518,-2.7805,-4.2496,2.3822
-7.1036,-1.7815,-6.4979,-5.2485,0.46365
-5.8317,-3.0719,4.7532,-2.4438,-4.8915
-6.413,-3.3334,4.2047,-4.7243,2.9444
-5.9387,4.9241,-5.9729,-2.7308,5.387
-6.1442,1.8401,4.1073,-3.4371,2.1591
-6.6788,3.3446,3.5486,-0.069088,-2.2662
-5.6782,-3.2982,5.2598,-3.6355,-5.6373
-6.3495,4.8642,-3.4753,-3.7056,-0.52272
-6.1128,4.3307,-4.3214,1.4762,4.4613
-6.0319,-2.4065,5.6881,-3.4743,-3.8036
-5.9875,4.122,-4.1319,-0.40365,3.1959
-6.5044,4.784,2.5586,-3.9234,-3.7824
-6.2324,-1.5485,0.3366,-1.3537,4.8474
-6.2843,2.464,-2.7488,-2.2449,2.6223
-6.5827,3.4254,-3.4303,0.16739,4.1011
-6.4829,-0.52147,-0.45586,-0.79382,-3.2077
-5.9891,3.3002,0.7139,4.0437,-2.0873
-6.172,2.8958,-5.9194,3.7391,6.1159
-5.8641,-3.8612,-4.1006,2.8747,1.0174
-6.1351,-1.9977,5.8657,1.366,1.5408
-6.2267,-2.1205,0.45729,0.48448,-2.4377
-5.76,3.78,-3.9255,2.7183,5.3766
-6.0005,2.3102,-2.4882,5.0024,-4.3377
-6.1607,1.0419,5.7114,-5.2426,-0.3924
-6.0587,-3.4019,5.5476,-1.9042,-1.3136
-6.3625,4.9791,-5.4214,0.71459,5.0268
-6.9685,4.0441,2.046,2.9137,2.0475
-7.4272,2.7115,-6.8359,5.7218,-1.8981
-6.0792,-5.7932,5.1811,-1.0171,-3.1344
-6.4717,3.2442,-2.1566,-4.0024,5.5493
-6.5554,-1.5171,-5.487,5.5548,4.8077
-6.3764,5.0743,-3.8066,2.8134,2.4049
-6.7164,4.7566,-0.11223,-4.1046,-3.8842
-6.2356,-1.3391,3.7866,-1.165,-2.9147
-6.796,-0.43944,1.0641,-0.65717,4.3999
-6.4241,-5.671,6.353,-2.5546,-5.5842
-5.9282,-4.2982,1.2089,-0.90827,-0.26763
-6.1436,-4.9854,-2.5084,1.5437,3.7361
-6.2127,5.0164,-4.879,0.1174,4.2276
-6.5317,-5.8754,6.7188,0.11307,-5.6863
-6.0594,4.9819,0.91985,0.11071,1.6191
-6.3763,-1.851,-6.1205,-0.64715,-4.4382
-6.9278,-1.9817,6.3992,-4.8619,-6.789
-5.9175,0.58934,5.3927,2.2845,-4.1077
-6.6194,4.9498,-5.8172,1.8857,6.4798
-6.6347,-5.3979,6.4696,0.25366,-6.0658
-6.4105,-4.5104,5.8494,-1.38,-0.91009
-6.4275,-1.5258,2.1025,-2.9327,-4.599
-6.3537,-0.90426,1.1111,-2.491,-4.6153
-6.4574,0.449,0.64251,0.63178,-0.087845
-6.062,-4.4114,1.5965,-3.3034,-3.2667
-6.9044,-5.0543,6.0191,-4.3395,-6.7221
-6.6159,0.10695,-4.2001,6.2191,4.8207
-6.1396,-0.27647,4.5478,-3.6194,-5.9981
-6.6596,-6.7727,-1.5356,-0.30031,2.7789
-6.3646,5.8985,-6.2292,-0.28553,-2.5955
-7.0022,-6.3659,6.7718,-2.8016,-5.5697
-6.2904,-0.7169,-0.49777,4.5243,-3.7096
-6.7459,-4.1806,2.9519,-4.2102,2.6623
-5.9223,-0.29486,4.9493,-3.1515,3.0378
-6.7192,2.3482,1.7354,-5.1703,5.0259
-6.3631,2.0291,5.4331,-5.7738,1.5436
-6.8782,-5.5065,-1.1364,2.882,2.7684
-6.8069,0.99462,-4.6854,3.0733,7.0213
-7.1771,-4.6844,5.2443,-5.1631,-4.8842
-7.3532,3.0502,7.2492,-4.7051,3.5173
-6.3611,5.5423,-5.6326,2.8592,3.1189
-6.0526,2.9519,4.654,-3.5404,-0.52222
-6.5048,3.9011,2.1737,5.6308,-4.0742
-6.3461,3.987,-5.8823,2.1941,3.9786
-6.526,4.2693,-0.88866,-4.8364,4.4788
-6.1332,3.0619,-1.7608,-0.67202,-3.2097
-6.8835,1.4262,-6.9369,5.5337,0.19252
-7.0041,-6.6166,5.2397,-1.4444,-3.2168
-6.1513,5.3504,5.0722,-4.3359,-0.99768
-6.702,-4.1233,5.8394,2.5393,-6.2555
-6.9064,0.93376,-6.8364,0.94005,2.8433
-5.8554,-1.7734,0.0042184,0.92881,-5.1903
-5.7727,-4.836,4.9118,-2.9974,-1.1064
-6.4854,-0.20251,-1.1574,-3.9004,-2.6557
-5.6921,4.907,3.8629,-0.6021,1.7041
-6.9907,-3.2743,-6.3186,5.3763,-3.6546
-5.8697,-4.5512,5.3512,-2.1239,-5.3414
-6.3244,5.1289,-5.9033,4.3077,6.9248
-6.6627,-1.4415,6.5201,-0.20934,-6.5089
-5.6602,3.1401,3.7086,-0.36946,-3.7217
-6.6848,4.9234,-6.6333,3.1932,6.282
-6.439,-3.4876,-5.975,-3.1486,-6.3205
-5.8908,-0.25254,5.6575,-3.691,-4.8728
-6.3844,4.085,2.8997,-2.4661,-5.0501
-6.2182,-2.7227,5.8356,-3.7033,-6.3623
-6.2635,4.9847,3.2553,-3.9592,-5.0423
-6.5127,5.3043,2.3626,1.5353,3.5119
-6.5252,-5.3062,5.3591,-2.667,-6.2881
-6.288,-5.0431,-5.0782,-4.0317,2.1621
-6.0704,0.20882,3.9216,-1.676,-5.9416
-6.528,-1.1749,4.6749,3.7705,5.7564
-6.3426,-2.6309,-4.8491,2.4864,4.0681
-6.0408,1.5731,5.1409,-1.3086,1.8382
-6.5544,-3.7278,1.3632,-1.8303,0.097358
-6.8371,2.6488,-6.3771,3.1059,4.5571
-7.493,5.7675,-5.716,-0.96713,6.5643
-6.5986,1.7455,5.8642,-1.3889,-2.9372
-7.36,-0.61675,-5.4343,-6.6855,-0.2781
-5.9993,4.0324,-0.96583,-2.7122,-3.1908
-6.8067,3.0889,-2.8701,5.0116,0.76145
-6.0588,5.6672,-5.0988,-0.65338,1.1774
-6.6006,-5.7361,2.9513,-0.42791,2.6954
-6.6188,-1.0394,0.0047584,-4.5936,-5.983
-6.2868,-2.5573,5.8988,-4.617,-6.0668
-5.8163,4.5134,5.8229,-5.2307,-1.2038
-6.5656,-4.6082,-0.18386,3.9739,4.0291
-6.0754,3.333,-5.4344,2.4174,5.8013
-6.4542,-2.4575,5.7715,-3.0267,3.2026
-6.4804,-5.0649,4.9247,-0.95329,-5.3424
-6.0346,4.8503,-1.0472,-2.12,5.383
-6.7502,-0.55613,3.9473,-5.9829,0.20835
-6.1981,-5.6326,4.075,-1.9816,-0.85257
-6.2702,-2.184,5.9214,-3.438,-5.5775
-6.6887,4.9979,-6.5451,3.7903,6.1946
-6.1798,3.2501,2.5029,2.0293,2.8025
-5.7736,-0.9237,0.059707,-4.2894,-0.40985
-6.0091,4.6248,-4.9373,-3.8716,-4.1667
-6.702,3.0321,-6.4548,5.0631,6.6917
-6.4054,3.9102,-4.9422,0.89764,2.9851
-7.9342,5.6509,2.4684,-1.532,7.613
-7.0845,-6.7519,0.40233,2.7125,-5.3854
-6.1586,-5.5663,-4.0019,-2.5704,4.5805
-7.0347,4.0465,-5.9899,5.6466,5.3535
-6.7122,0.16511,-6.5632,4.8395,6.2285
-6.6404,-2.0129,-6.151,4.1297,0.32111
-6.6947,-0.024087,5.3114,-3.0052,-4.4985
-6.2347,5.3154,-4.6149,-2.2545,-4.7654
-6.5949,6.6266,-5.9026,3.2826,3.7594
-5.818,4.6013,-5.6995,-1.7682,5.3367
-7.0897,0.63537,-2.3015,5.8922,-2.4368
-6.3756,4.8199,-5.1579,0.74007,-0.4238
-5.9799,-4.0912,1.755,4.8241,-4.5892
-5.8916,3.5022,-2.7819,-0.24333,5.3307
-5.7932,2.4944,5.2989,-2.4668,-2.9408
-5.8806,4.9305,-5.3922,-0.0073238,5.3227
-6.3291,-3.5655,-3.2838,-0.56403,5.4929
-5.8121,2.5766,5.0586,-1.8672,-5.7418
-6.5799,3.3503,-3.5627,-4.1303,0.456
-6.5371,0.30475,-5.0233,-2.1689,6.1536
-5.8837,2.5681,-3.8832,-5.1691,1.6559
-6.5236,-4.4152,5.79,-3.9045,-6.3817
-5.9913,4.7923,-3.3718,1.0823,-3.758
-6.4802,6.5588,0.18357,-1.7856,-2.0138
-5.7827,-1.8686,4.2467,-0.23178,-3.8361
-6.678,-5.0121,3.8881,-4.1895,-6.6682
-6.4726,-0.016595,1.5814,-1.906,-2.4047
-6.9837,-1.3749,5.8659,5.5153,-5.6272
-6.193,2.3811,-1.5154,1.3429,0.74331
-6.3998,-4.6278,-2.6223,4.1904,3.291
-7.2267,-5.4234,0.2074,4.0805,-2.5743
-6.1216,1.239,-5.2241,0.44335,5.4177
-7.0238,-5.6497,-4.7533,2.708,5.8705
-6.36,-1.5195,-1.1138,2.7313,4.6266
-5.8964,-1.3836,-5.3997,-0.93063,5.6545
-7.274,-5.3414,-2.3043,2.6768,2.0704
-7.4092,6.1373,-1.7485,3.1434,-0.96844
-6.0624,2.7602,-1.4576,4.6472,-0.67949
-6.4239,-4.7371,-4.7971,5.2908,2.5962
-6.4452,5.96,1.4011,-1.4477,-2.2398
-7.1035,-4.5688,6.7927,-3.0464,-2.7412
-6.7746,-5.9357,6.3463,-1.0366,-1.0716
-5.8725,-2.4786,0.41883,-0.91552,0.8567
-6.0342,5.0421,-1.153,-4.9503,1.0184
-6.0366,1.7872,2.1318,1.1367,-5.4421
-6.9716,-5.897,6.9663,-3.2171,1.3141
-6.1891,-4.1498,-3.4154,0.97189,3.8976
-6.4426,-4.315,-2.1239,-1.8497,-4.0925
-6.2095,-4.6578,-5.7829,4.2608,5.2091
-6.0984,4.9131,4.96,1.0096,3.9796
-5.7673,-3.9034,4.6562,-5.9285,0.040575
-6.1774,-1.4263,5.5961,4.8978,-5.3586
-6.0352,4.0917,-5.7081,-0.21072,5.7424
-6.8409,4.835,-6.5649,2.7108,-3.7051
-6.0367,4.3215,-5.3658,-4.3975,5.2831
-6.3989,2.0486,-5.1558,4.1622,2.0159
-6.7138,7.0493,5.4582,-0.043981,-2.0812
-7.174,4.3863,-2.8296,-3.1033,6.4063
-7.3306,3.8127,-5.4802,-3.0388,5.5113
-5.9826,4.7982,-3.9149,-2.8025,0.24077
-6.561,1.4682,6.0566,4.0982,-6.1439
-6.456,-0.83632,6.0597,-2.5153,-4.2406
-6.1784,-2.0308,-5.8961,4.6892,5.5846
-7.8328,7.461,-8.1396,4.5456,-4.8188
-6.0973,4.5475,0.064387,1.9329,3.1374
-6.1135,1.8329,-2.6152,2.2466,-3.9243
-6.0722,-2.4139,-3.4387,5.005,4.2524
-6.5582,3.0748,4.9027,-1.1378,2.5922
-6.5139,-4.1169,3.5458,3.0201,-6.4316
-6.7727,-5.1952,2.5228,6.0274,-2.9891
-6.2549,3.9985,-6.3894,5.1309,4.5655
-6.4975,5.8753,2.4817,-1.3429,6.2327
-6.8336,6.2713,-5.1884,1.0644,5.7139
-7.0536,-6.4877,-1.67,5.5206,-3.9896
-5.9159,-3.1866,-5.1262,-2.964,3.5615
-6.1879,-4.4872,5.6874,1.8153,-5.9889
-6.3238,3.2421,-4.4775,-1.0603,4.7587
-6.7046,-0.4182,6.4826,-5.4215,-3.387
-6.0487,4.0205,-4.1225,1.8155,-1.8843
-6.0333,-1.8499,-5.2648,-2.9671,5.9913
-5.8042,-5.0311,4.0771,3.1268,0.083079
-6.2609,-2.7016,0.00054109,-4.7696,2.9093
-5.8637,5.2763,-1.9581,-0.94336,3.2648
-6.381,-0.68072,4.1197,-4.5485,6.2979
-6.5649,2.0573,-1.5643,-3.0417,3.8705
-5.848,5.2117,-5.5398,1.4398,4.2845
-6.2166,-5.6543,-1.5281,-0.79094,-2.9246
-7.1661,3.9015,6.7178,1.5926,-5.463
-6.5802,-3.6586,1.8802,1.7389,-2.9638
-7.0417,5.9135,-6.4302,-0.37844,6.4035
-5.8999,0.31145,3.0217,-2.8026,-2.7891
-6.0605,5.1638,5.8148,0.063521,-6.3206
-6.979,-2.4562,-2.725,2.9501,6.4706
-6.1282,2.466,-2.3572,-0.24226,1.3922
-7.1677,-2.0984,-6.6564,-5.8696,7.5595
-6.0498,-4.7091,-4.9466,2.8033,4.9229
-7.1201,-5.9034,6.3228,1.2316,-4.9716
-6.5184,-1.5107,1.0527,2.4306,-0.36021
-6.1959,0.71082,-5.9748,2.3846,6.4624
-6.4828,-5.8277,6.4391,-3.9982,-0.97213
-6.7679,-4.803,6.1281,2.2532,-2.3447
-6.1303,2.717,4.1249,4.3734,0.31173
-5.9765,0.82884,4.7318,0.78332,-6.0185
-5.9248,-4.3597,5.4929,-2.3346,-2.3046
-7.0125,6.2842,1.7332,0.35814,-2.0494
-6.0083,4.8854,-5.8747,1.0127,5.3218
-5.867,-1.5742,5.0786,-3.6503,-3.8947
-6.1434,2.1938,2.6299,1.2435,-2.9674
-5.7437,-1.4476,-1.511,-1.3384,1.7485
-6.1248,4.539,-5.1624,-3.5585,4.1277
-6.2905,-0.029308,-2.1662,0.12612,3.9463
-6.1822,-6.0657,-4.8307,-1.2536,4.5871
-6.2415,-2.1031,-3.2115,4.8382,-3.7638
-6.0018,-4.1466,3.0835,1.6567,4.1293
-5.5939,-2.1765,2.87,-1.9138,2.3686
-5.8514,2.6492,-5.9264,4.1605,1.5334
-7.1893,-6.3249,6.1491,-3.9573,-7.0895
-5.8143,3.0593,-5.1943,-3.3678,5.1684
-6.9536,3.7104,-4.3969,3.8764,5.0143
-6.0345,-0.5349,-3.8299,-3.2009,5.4193
-6.2177,0.68378,-5.3068,0.95166,4.8959
-6.8206,-5.019,6.4581,-1.5754,-6.2838
-6.6069,-4.8479,3.8586,2.0375,-5.1075
-6.1067,1.8537,4.8968,-4.0454,-0.94355
-5.7438,-3.3717,-0.8838,-1.6925,-2.112
-6.5001,0.97498,-2.6489,0.20361,6.2012
-6.5298,1.0785,-0.65477,5.4276,-2.6105
-6.1425,-1.4853,-3.3652,3.1548,1.2022
-6.19,3.1273,-5.1366,-1.1239,5.346
-5.85,-5.0832,-2.9384,0.94255,2.4063
-6.4891,-1.0822,-5.1092,-1.3805,5.8849
-6.5868,-4.0243,-5.427,-2.2952,0.49338
-6.4284,3.8702,0.16193,-0.50971,-0.74998
-6.1196,5.6185,2.2855,1.6879,-0.088065
-6.0616,-0.03161,-5.2264,-4.4659,4.6763
-6.4611,0.73883,-0.36213,-1.4384,1.8017
-6.0964,-3.9993,2.2431,-2.2518,-3.9658
-6.2216,5.0182,-4.2016,-1.2885,-0.79976
-5.9638,-3.0227,4.6859,-0.7332,-5.6687
-6.861,4.7412,1.6408,-4.9943,-1.4684
-6.2546,-1.0293,5.1592,-4.0053,-5.5914
-6.1167,-0.38615,-5.0745,-2.7207,-0.08972
-6.0941,0.18501,-3.2875,0.81329,3.6003
-6.3982,0.14099,-1.1744,-2.8865,-0.66062
-6.4367,-5.7882,1.5816,0.72939,4.5505
-6.3562,0.12664,4.1912,-2.0336,-5.6396
-6.2418,-2.1375,1.6533,0.6994,-6.1321
-6.1373,-0.28431,-5.2698,5.5537,0.78619
-6.0994,-2.0061,4.9532,-3.3573,-4.0441
-6.8964,7.8087,0.57824,-3.9956,-2.8604
-6.6191,2.9285,-5.0062,-2.244,0.331
-7.1522,-5.8109,-6.6191,3.7203,6.7199
-6.8801,-0.26892,6.1438,-6.0744,-6.5026
-6.2686,4.7256,-6.0377,-2.0022,6.3153
-5.9525,-3.7894,6.0912,3.6614,-6.6457
-6.0342,4.5914,-4.2266,0.46231,4.9759
-6.443,-4.0925,5.3262,0.4482,-4.456
-7.4004,-0.053659,-6.4669,3.5856,7.1952
-5.8017,-3.3654,-4.2793,-0.59303,5.4598
-6.4851,5.5898,4.722,-2.9393,-0.22487
-5.953,-1.6328,4.1432,-3.6243,4.583
-6.4556,-6.6281,-2.2211,1.8096,-5.1005
-5.9326,1.5832,-5.8272,-1.3896,-2.5795
-6.8141,6.1724,-6.0264,3.9664,3.9209
-6.2264,-4.1851,5.6735,-3.1525,-5.7419
-6.4075,4.2944,-5.772,-4.6461,6.0507
-6.0106,-5.8182,5.8447,-2.6177,-3.524
-6.2401,-1.4769,-5.0086,1.343,0.59414
-6.3079,-5.565,5.9913,-0.99328,-5.5842
-6.8171,6.8489,4.769,-2.5211,4.3553
-6.5417,5.5924,1.7479,-3.5555,-1.4015
-7.1729,-1.8256,3.484,-3.0562,-5.9447
-6.858,-2.1888,-2.4174,5.2255,1.0648
-6.1302,-0.55986,0.92249,5.9223,2.234
-6.3845,-4.8583,-6.0684,-2.5192,-0.1603
-6.5545,5.1201,-6.5345,2.7553,5.9804
-6.7481,-5.7672,0.74521,4.382,4.0587
-6.3619,-1.1064,3.069,-2.897,3.1163
-6.0822,4.3537,-4.6167,1.29,4.7831
-6.113,3.7184,-4.1513,-2.2956,4.7746
-6.1506,3.835,4.2672,-0.57075,5.4502
-5.7964,-3.781,4.1705,-0.18615,-4.3404
-6.2372,1.4861,-2.531,-3.7491,1.8314
-5.8685,4.5614,-4.6655,-1.1386,4.6849
-6.1791,3.7245,-5.9629,4.8746,6.0961
-6.5801,2.1854,-4.8108,5.0231,1.5131
-6.1969,-3.5698,3.0373,0.25064,-4.2402
-7.107,-5.5892,-0.64906,-0.25149,-1.1084
-6.8012,6.7931,-3.1997,-1.6812,2.5456
-6.0394,1.339,-1.4134,0.81055,1.3189
-6.3894,-3.0161,1.9418,0.058199,-5.3204
-6.5157,5.0049,-6.6364,6.228,-1.1328
-7.4492,6.5122,-2.6102,0.44903,5.5571
-7.1342,6.8718,-4.9816,3.3457,0.16708
-6.7324,4.6311,0.38371,4.6661,-2.0018
-7.0162,-6.6639,3.3254,3.1066,-6.9415
-5.9029,-3.7392,0.52646,-5.3038,3.0815
-6.571,5.5527,2.4176,-1.6851,-4.8504
-6.5379,-4.4437,4.4371,4.2832,-1.2212
-6.9297,-0.088064,-0.29905,-0.40359,1.522
-6.6568,-2.4076,6.1562,1.8619,-6.0823
-6.0892,3.8092,-4.8389,-1.041,5.4176
-6.7138,3.2624,4.2701,-4.8304,-3.0593
-6.3991,-0.46559,4.7754,3.8768,-6.031
-6.8412,6.0698,-5.1534,0.82634,1.2521
-6.2114,-4.4885,2.9182,0.26594,-5.5009
-6.0468,5.4115,-6.0191,2.6599,5.0763
-6.4604,2.865,5.5515,-0.14235,-3.2801
-6.2061,4.2995,-5.835,0.61063,6.1118
-6.8145,-3.01,-3.5499,2.919,3.3516
-5.8458,1.7588,-2.7097,1.0231,2.2585
-6.1942,6.216,-6.4909,5.6497,-1.6293
-6.2637,5.7539,1.172,-1.082,3.1689
-5.7515,3.1592,-5.056,-4.2209,4.5448
-7.3606,-2.9171,6.9438,-3.4401,-3.2947
-5.9552,2.1762,1.4797,-2.7832,3.1172
-6.2753,0.7497,-2.777,-2.3625,3.4919
-6.1954,3.5496,-1.1244,3.805,0.88102
-6.7402,-2.0346,6.8062,-2.7293,-2.1575
-6.2898,1.1234,-6.4237,2.721,-5.2048
-6.7197,-6.2256,6.6407,-4.7813,-2.3873
-6.8176,-0.97399,2.3213,5.7205,4.7888
-6.1926,-1.2842,-4.7785,4.6656,4.7889
-6.2574,4.3571,3.3069,2.3731,-1.892
-6.0438,-1.9848,2.227,-3.2596,-0.96054
-6.0797,-6.3998,-3.1185,5.1858,3.3932
-6.067,4.8533,-5.5814,2.2396,-2.2935
-6.3611,5.0327,-4.5969,1.6426,3.785
-6.0823,2.6009,5.2271,-3.2014,5.3389
-6.3825,3.9835,5.1261,-4.2301,-0.4013
-7.0838,5.191,-6.5234,-0.36625,0.92929
-6.3848,-4.3485,-5.177,4.1891,0.77173
-6.1673,4.7539,3.5361,1.719,5.4416
-6.2282,5.8927,-5.3785,2.755,-2.0227
-6.761,-4.1378,6.255,-5.3276,-3.8405
-7.3604,1.1012,-3.3175,3.6725,3.9642
-5.651,-2.4128,3.9267,0.76071,5.0912
-6.0597,-3.7595,-2.432,0.93433,-4.2438
-6.2045,3.7102,-3.6285,-1.593,-1.3379
-6.2286,-1.3095,-1.7151,0.37314,4.4342
-6.0615,-3.907,4.7341,-3.6389,-4.2135
-6.7713,0.72483,-5.6766,-1.3985,3.4436
-5.8393,-5.1497,5.8979,-3.6962,0.46493
-6.1557,-4.52,4.2094,-4.7813,-0.47219
-6.6012,-3.0893,3.092,-0.63207,-2.4835
-6.4262,5.7665,-5.2702,0.27355,5.5439
-6.6453,2.3095,2.4084,-2.8459,-2.1197
-6.4552,-4.9571,-0.22293,2.595,2.4245
-6.5266,5.4294,-5.6099,0.88808,-1.9532
-6.2922,-0.39288,-1.2523,-4.6169,1.6285
-6.9772,-2.0236,-5.7899,-3.8498,2.6342
-5.6217,2.1987,3.9305,-2.9314,2.8677
-6.1087,-3.8991,-4.6826,-1.4551,-2.5479
-6.0084,4.9757,-4.0509,-4.6072,1.556
-6.4844,-0.34643,-3.6999,0.094628,4.8958
-7.1277,6.4553,6.3826,4.4621,-5.6088
-6.6222,-0.39354,-3.5117,4.1519,2.2815
-6.4898,2.0014,-0.43287,4.1049,-4.6857
-6.1077,-4.0444,-3.1819,-2.3715,5.0114
-6.4714,1.8148,-5.7409,4.4093,6.4077
-6.0325,-3.3854,5.2385,-4.0043,-4.8176
-5.8055,0.4812,-5.5733,4.3758,5.6199
-6.9668,-6.4231,5.7687,-1.4393,-5.6001
-5.6726,3.3625,-1.421,-2.7378,-1.0028
-5.9631,-1.4718,-3.2408,-0.91718,-4.3005
-6.6707,-6.1915,-5.6589,0.057985,4.2498
-6.3187,-2.7524,-1.4309,4.271,-2.3359
-6.6292,-4.3687,6.2932,-1.712,-6.3931
-6.2763,-0.95864,6.0312,-1.7925,-4.3749
-6.0767,3.9576,-2.2743,4.1001,-2.3048
-6.8066,2.801,5.5988,3.6546,-0.79934
-6.1094,2.2064,5.6331,-3.9304,-5.085
-6.709,2.2395,-5.6192,2.2353,5.5028
-6.3109,5.9595,-4.4625,-0.42052,2.8218
-7.3163,4.5394,-7.4057,6.0039,3.4111
-5.979,1.825,-4.4087,-1.2956,3.0309
-6.436,-4.8066,5.1513,-0.35978,-6.0327
-6.5769,6.6637,5.2239,0.035917,-5.1786
-6.2409,-5.2523,-4.6663,1.5539,6.0738
-6.6924,-5.5181,-2.0435,-4.0495,6.2047
-6.0816,4.4387,-5.7844,1.0833,-5.0698
-5.8194,4.835,-2.6296,2.6191,-0.49597
-6.6229,6.0722,-5.6156,1.5561,-1.1435
-6.5146,0.7706,5.746,-1.7941,-5.4239
-5.7156,1.8184,1.8922,-0.31494,-0.21724
-5.8859,-4.0377,-1.1325,2.4948,4.3947
-6.3893,4.9827,-3.6098,-3.7948,3.4193
-6.064,4.6192,-4.5126,-3.5939,5.3389
-6.2922,-2.0667,2.8039,-2.6219,-1.5638
-6.237,-2.9731,3.6593,-4.0014,3.3529
-6.5685,-5.2218,-2.4405,-0.21853,2.4316
-6.1007,4.0591,3.2288,0.83417,-2.2152
-6.0495,-0.062327,-4.7288,2.6506,2.5006
-6.5356,-2.1228,4.7762,-3.5833,0.99384
-5.8357,1.1739,4.638,-1.1829,5.2753
-5.9338,0.088485,-4.694,-2.2863,5.0534
-6.9952,3.8867,0.032108,-4.5635,-1.0114
-5.7786,5.7796,-0.81418,-0.65338,2.1887
-6.6726,-3.3638,4.6934,3.062,2.2397
-6.1516,-4.7998,4.099,2.6878,5.4943
-6.2882,-4.3505,5.6432,-3.0384,-4.7494
-6.8973,5.1854,-6.3259,1.8146,4.1846
-6.089,5.5333,-3.2787,-0.80036,-1.9195
-6.2525,1.8112,6.5236,-5.7371,-6.9857
-6.1651,-4.9051,-2.4795,2.9484,3.8484
-6.5765,-6.0225,0.88899,0.40772,6.325
-6.1458,4.368,-5.7507,4.4404,5.3465
-6.0421,-1.1765,5.5678,-0.57623,-5.1514
-6.114,-0.98547,-5.722,4.998,-1.519
-6.0767,4.2196,-4.9729,-1.0338,4.7333
-5.8424,3.8835,4.9784,1.75,3.2987
-6.6783,-0.5365,6.2198,1.6887,-6.3702
-6.3751,-5.1811,5.3998,-4.0288,-5.7847
-6.0127,2.3563,-4.7984,2.9467,-3.1006
-6.3073,-1.4889,-2.6213,-4.3628,5.5018
-6.3585,-1.9042,3.3929,-4.7613,-5.7928
-6.3836,2.8766,-5.9798,3.7542,5.7112
-6.5771,-4.8,4.0976,1.6073,-6.3051
-6.279,-0.43243,6.0796,2.3192,-6.1807
-6.3197,4.9836,-1.4954,-4.5037,0.84164
-6.4438,-3.847,1.2663,-4.8382,-1.3275
-6.6635,-1.6812,-1.4418,6.0842,-4.5999
-6.3409,-4.5075,6.1751,4.9222,5.0076
-6.4203,3.7989,-6.0961,0.075686,5.8782
-6.3178,1.2009,3.7801,-2.7539,-2.963
-7.0593,4.2833,-5.5007,5.1437,3.0606
-6.5407,-5.6752,-0.10279,5.4678,0.40335
-5.9171,0.60183,5.4944,-0.48926,-5.6638
-6.3047,-0.23686,2.0437,2.0811,1.0001
-6.2455,2.4708,-0.67362,3.5453,-2.3075
-6.7117,1.3207,2.4092,3.7142,2.8412
-6.3215,3.7296,-5.2358,-0.14806,4.7986
-8.0252,-5.6845,-1.9182,4.5461,3.4163
-6.2643,-1.4157,-5.9442,4.003,4.4837
-6.1063,-3.5204,-3.1366,-0.049461,2.2816
-6.062,-0.98124,-4.2452,4.4421,4.742
-6.2546,-5.6631,-0.25148,4.5937,3.523
-6.3298,-5.191,5.407,-2.1489,-5.0357
-6.27,6.6748,5.7206,-3.6176,-5.5243
-7.9343,-0.93609,7.5249,0.65117,-0.85201
-6.2332,-4.8747,3.4447,-4.8737,-3.7217
-6.5097,1.8715,-5.6775,-0.79874,5.9646
-6.9092,0.90808,6.7489,-4.4002,-6.8845
-6.2248,-4.2505,6.133,-4.1792,-5.4252
-5.8775,0.83154,-5.5581,3.2173,5.4775
-5.6655,-5.9947,6.2772,-0.27197,-6.4649
-6.6048,-3.995,4.1084,-3.1611,-6.3126
-5.9847,5.4341,-5.113,-0.26385,3.1062
-6.3672,-2.3776,0.65649,-3.59,-5.2588
-6.5477,-1.3563,6.2386,2.8875,-3.2257
-6.5488,-1.8533,-5.8395,-4.0656,2.6216
-6.0959,-4.6263,4.6811,-1.0874,-4.8841
-6.3275,-3.4831,5.5198,2.094,-0.43857
-5.9576,3.4323,-4.2274,-0.41094,5.1834
-6.0704,5.6937,-4.3945,-2.421,-3.8796
-6.4421,-5.0763,4.6669,-2.0947,-3.5052
-7.2968,-1.7075,7.0286,-6.28,-0.95106
-6.7702,-4.8633,5.8938,-4.2654,-6.6266
-6.319,-1.9948,-0.63359,4.7482,-6.1406
-6.2543,3.4791,2.8446,4.8027,1.8953
-6.7395,4.2986,5.9849,-5.4562,-5.9455
-6.129,-4.7873,4.5327,0.49217,-1.8975
-6.5541,4.5814,-6.1927,5.235,6.085
-6.6146,-2.4924,5.5354,-3.0499,-1.9501
-6.1567,4.0004,1.6694,3.0852,-4.4773
-6.4412,-4.8688,6.2585,-2.5408,-5.8357
-6.4353,0.13422,-5.3795,4.1168,5.9347
-7.3019,-5.584,5.4509,2.195,-6.7069
-6.4829,4.6898,-2.0444,1.7486,5.9165
-5.9307,-1.5524,-1.6453,-0.91653,0.79391
-6.8762,-6.0112,6.6178,3.2852,-6.1825
-6.0536,-1.0141,0.86531,-4.7528,3.0523
-6.4228,-0.8896,6.3438,-2.1009,2.7455
-7.104,-2.1711,2.2583,3.7529,-2.471
-6.275,1.719,4.0092,0.14305,-2.4968
-5.9136,-3.7624,4.6113,-1.1619,-4.4179
-6.5697,3.9619,-1.9427,-4.586,-3.6662
